,predict,true
UZCe8bfQdU38wXzURA0RfA,"['37067', '37027', '37064', '37013', '37069', '37066', '37012', '37043', '37015', '37024']",['37027']
omWpYUw3JyoZOAHl2EeXLQ,"['19406', '18914', '18929', '18931', '18915', '18932', '18917', '18913', '18928', '18912']",['19406']
YBj8AbolGKBzoHUcHEeAUg,"['85710', '85706', '85701', '85641', '85614', '85658', '85629', '85653', '85702', '85619']",['85710']
a3p47WxYVo0BZGJoP1O0qA,"['89509', '89502', '89431', '89436', '89441', '89501', '89433', '89439', '89440', '89432']",['89509']
ClPyuoDPOpIPutkhN62E7Q,"['33511', '33543', '33547', '33544', '33542', '33510', '33534', '33545', '33541', '33503']",['33511']
BG_azyCQg7WzEpzZPsn15A,"['89511', '89434', '89431', '89509', '89441', '89433', '89439', '89440', '89508', '89432']",['89431']
2YowFoVtjOiZftrCldUyWA,"['63144', '63011', '63010', '63031', '63043', '63026', '63021', '63042', '63033', '63034']",['63144']
tZ7aeO0IuF_rAALD-kMEFQ,"['85711', '85614', '85704', '85701', '85641', '85658', '85629', '85702', '85653', '85619']",['85711']
1-ACR3Vq9x5Mb-pLqRZjPg,"['18944', '19422', '18938', '18940', '18936', '18929', '18931', '18932', '18946', '18928']",['19422']
rVOtaL7v_pwZmLJbKL45jA,"['37203', '37067', '37027', '37064', '37013', '37066', '37012', '37043', '37024', '37015']",['37203']
F__yT5i7C2t-IfzyXYscKw,"['33612', '33511', '33543', '33544', '33542', '33510', '33534', '33545', '33503', '33541']",['33612']
IHv21alrb3gqlL7S81JIfw,"['63074', '63011', '63017', '63010', '63031', '63026', '63021', '63042', '63033', '63034']",['63074']
kpK60Zr_OVDpOCX48ydWDA,"['08043', '08002', '08016', '08003', '08012', '08009', '08007', '08004', '08010', '08020']",['08043']
-3xX_IfttKjPJ792BOBJ-Q,"['89523', '89503', '89431', '89436', '89441', '89501', '89433', '89439', '89440', '89432']",['89523']
LTyQL15LCWxxKLfWn2hXRw,"['83616', '83646', '83704', '83702', '83642', '83709', '83706', '83703', '83705', '83634']",['83709']
g00obumKuWsOXTMwUY7aAg,"['08096', '08002', '08016', '08003', '08012', '08009', '08010', '08007', '08004', '08020']",['08096']
N0habbksIQ9s9jMBZvPLYg,"['46032', '46077', '46038', '46037', '46075', '46033', '46055', '46060', '46107', '46040']",['46032']
FNJRhdDIjHjfIUorVAhYLQ,"['37076', '37067', '37066', '37064', '37013', '37069', '37012', '37015', '37043', '37024']",['37076']
HhcLmjO4OltuaqS2mOe8FA,"['33770', '33511', '33543', '33534', '33544', '33542', '33510', '33545', '33541', '33503']",['33770']
Jo2zJoA818OmbiE-6HfghA,"['19020', '18901', '18914', '18929', '18902', '18915', '18912', '18917', '18913', '18928']",['19020']
bEzNd4tf8T8biCJWRTYwBA,"['46240', '46038', '46037', '46075', '46077', '46033', '46055', '46060', '46040', '46107']",['46240']
HOTN7nQufQ-WnBBXsB8-Ww,"['08002', '08016', '08003', '08012', '08021', '08009', '08010', '08007', '08004', '08020']",['08012']
_BtMC62-nYqTSTWku8cs3Q,"['19047', '18901', '18914', '18929', '18902', '18915', '18913', '18912', '18917', '18928']",['19047']
h2BUHkba3UlMM8xBIylzag,"['19406', '18929', '18914', '18931', '18915', '18928', '18917', '18913', '18932', '18912']",['19406']
yK5WnMiXZe5hmNFx0xXb-w,"['37203', '37067', '37027', '37064', '37013', '37066', '37024', '37043', '37015', '37012']",['37203']
3UIFRI0ggSOhingCcaAWaw,"['37067', '37027', '37064', '37013', '37069', '37066', '37015', '37024', '37043', '37012']",['37067']
fEWUDSiySYTsD-QhltxUeg,"['63132', '63011', '63017', '63010', '63031', '63026', '63021', '63042', '63033', '63034']",['63132']
JfndicIRM0hXXsMGP9Cjjw,"['33765', '33511', '33543', '33544', '33542', '33510', '33534', '33545', '33541', '33503']",['33765']
4lQxlwYNIYa6UKlhxaFEKg,"['37076', '37067', '37027', '37064', '37013', '37066', '37015', '37043', '37024', '37012']",['37076']
0f7mlSVIAk25QuEKGmVbPA,"['85718', '85704', '85701', '85641', '85614', '85658', '85629', '85653', '85702', '85619']",['85718']
vtbAuFCR8ugUaajtF_wDEQ,"['85710', '85704', '85701', '85641', '85614', '85658', '85629', '85653', '85702', '85619']",['85710']
owM_gW2UpuL9U3ZgqhvahA,"['33625', '33511', '33543', '33544', '33542', '33510', '33534', '33545', '33541', '33503']",['33625']
t13CLI7USJw37t7off4STQ,"['33578', '33511', '33543', '33534', '33544', '33542', '33510', '33545', '33541', '33503']",['33578']
9FDk4e0GjCQEtSshtuDtaA,"['62025', '62034', '62002', '62203', '62040', '62201', '62062', '62095', '62024', '62035']",['62025']
sfwMByVwbb69zhw4xzXzgA,"['63102', '63011', '63017', '63010', '63031', '63026', '63021', '63042', '63033', '63034']",['63102']
jh-Sg2S4wlelkifvhjwSlg,"['19145', '18901', '18915', '18929', '18931', '18902', '18913', '18917', '18928', '18912']",['19145']
cuXUuoOSZ4VbV6jvh3BC0A,"['89503', '89434', '89506', '89431', '89441', '89501', '89433', '89439', '89440', '89432']",['89506']
rpnuLtrfmYJuQUOVILCdBw,"['33626', '33543', '33511', '33544', '33542', '33510', '33534', '33545', '33541', '33503']",['33626']
KrKQChZ1hwHHVaUK9Zc-Ag,"['19107', '18901', '18914', '18929', '18902', '18915', '18928', '18917', '18913', '18912']",['19107']
xe2L_RvBNgkrVburQrfW_Q,"['63131', '63011', '63010', '63031', '63043', '63026', '63021', '63042', '63033', '63034']",['63131']
IILwMPNcNEudlEG6YxerMA,"['89509', '89502', '89434', '89431', '89436', '89501', '89433', '89439', '89440', '89432']",['89509']
X2JTyZ3dpU7lE4k8-Ir-XQ,"['08002', '08016', '08003', '08012', '08021', '08009', '08004', '08007', '08010', '08020']",['08012']
8zJYnVNKD7XUHaKFMMREBg,"['46204', '46038', '46037', '46075', '46077', '46033', '46055', '46060', '46107', '46040']",['46204']
wzXMSZY_WwX3QqXLCkf5sw,"['33635', '33543', '33511', '33544', '33542', '33510', '33534', '33545', '33541', '33503']",['33635']
YUDcLokFMZOtyWAmVY3jwA,"['70130', '70002', '70005', '70006', '70001', '70032', '70053', '70003', '70043', '70037']",['70130']
CdgLh0KRYAf9aMOo59ViqA,"['19406', '18914', '18929', '18931', '18915', '18912', '18928', '18913', '18932', '18917']",['19406']
-ebwX4cjBDsZtPnvW1M_BA,"['63102', '63011', '63017', '63010', '63031', '63026', '63021', '63042', '63033', '63034']",['63102']
CPXc2AorgYR1uxPopLC79A,"['46123', '46032', '46038', '46075', '46077', '46033', '46055', '46060', '46040', '46107']",['46123']
c1DB8BU8M3oDRTHr3KgaQA,"['46077', '46032', '46038', '46037', '46075', '46033', '46055', '46060', '46040', '46107']",['46032']
6_SuJJPfWJ-CfaSL8YOgyQ,"['33511', '33543', '33547', '33544', '33542', '33510', '33534', '33545', '33503', '33541']",['33511']
1l5AyvTM4ZTeOVuFxadizA,"['33759', '33511', '33543', '33544', '33542', '33510', '33534', '33545', '33503', '33541']",['33759']
IL-_7eyOTxQEsdVrI5xl-g,"['33559', '33511', '33543', '33544', '33542', '33510', '33534', '33545', '33503', '33541']",['33559']
9OG5YkX1g2GReZM0AskizA,"['89502', '89434', '89431', '89436', '89441', '89501', '89433', '89439', '89440', '89432']",['89502']
RpNWMXXPnNkt8kmvJcP5ig,"['33626', '33511', '33543', '33544', '33542', '33510', '33534', '33545', '33541', '33503']",['33626']
KsoxCxPJvHqXnCyGKDhKxQ,"['83616', '83646', '83704', '83702', '83642', '83709', '83703', '83705', '83707', '83634']",['83642']
pCUMtXfRIGeDtp3S5jjshQ,"['37203', '37067', '37027', '37064', '37013', '37066', '37043', '37024', '37012', '37015']",['37203']
Nze4y2OGimPafiPuEBsCEg,"['46032', '46038', '46037', '46075', '46033', '46077', '46055', '46060', '46040', '46107']",['46033']
3XXt0s_SDC9SyFTiIPNSgA,"['63124', '63011', '63017', '63010', '63031', '63026', '63021', '63042', '63033', '63034']",['63124']
cSknwu7DA2QbbezL-hXbmQ,"['33511', '33543', '33547', '33544', '33548', '33510', '33534', '33545', '33503', '33541']",['33511']
-amp8lR3HxCw38XatBFT6Q,"['89503', '89431', '89436', '89441', '89501', '89433', '89439', '89440', '89508', '89432']",['89436']
Qs1j6tx81LvCEjUYxloUZQ,"['46203', '46032', '46038', '46037', '46075', '46077', '46033', '46055', '46060', '46040']",['46203']
1jbONx-Csh9aTkk0E9O9jw,"['08028', '08002', '08016', '08003', '08012', '08009', '08007', '08004', '08010', '08020']",['08028']
3iUCCf1FWmjlFbGYvBgf9w,"['37201', '37067', '37027', '37064', '37013', '37066', '37043', '37015', '37012', '37024']",['37201']
q4wV6JIHvaMp0CQKPDp1kg,"['33759', '33511', '33543', '33544', '33542', '33510', '33534', '33545', '33541', '33503']",['33759']
ZmrebvKKDIOKNCQaNo_8xg,"['33618', '33511', '33543', '33547', '33542', '33510', '33534', '33545', '33503', '33541']",['33618']
JroMBSRiVq1u8-KZVDZh7g,"['63109', '63011', '63017', '63010', '63031', '63026', '63021', '63042', '63033', '63034']",['63109']
eT69uFkxdxdFOEsX-gbUCQ,"['63141', '63011', '63017', '63010', '63031', '63026', '63021', '63042', '63033', '63034']",['63141']
c3gwn7_ukRwGGIghHLi-UA,"['70119', '70002', '70005', '70006', '70001', '70032', '70053', '70003', '70043', '70037']",['70119']
nb_gbA9ZDT_t4QedmqOw0A,"['08054', '08002', '08016', '08003', '08012', '08009', '08007', '08010', '08004', '08020']",['08054']
adu5voMt1rln1nilzZh9uA,"['85748', '85704', '85701', '85641', '85614', '85658', '85629', '85702', '85653', '85619']",['85748']
-Nf2K8OmZ3OaApWamQHrbw,"['37216', '37067', '37027', '37064', '37013', '37066', '37043', '37015', '37024', '37012']",['37216']
tAGfqftHHb6M1QsYEZtFHA,"['19317', '18901', '18914', '18929', '18902', '18915', '18912', '18928', '18913', '18917']",['19317']
JNBuXPEjE3eavcIUvUc49A,"['08057', '08002', '08016', '08003', '08012', '08009', '08010', '08004', '08007', '08020']",['08057']
ZGznjpkqi6a_It4lAgCnYw,"['70115', '70002', '70005', '70056', '70001', '70032', '70053', '70003', '70043', '70037']",['70115']
y1vzcT6LFdtGgYQ6cIe_yg,"['33559', '33511', '33543', '33544', '33542', '33510', '33534', '33545', '33541', '33503']",['33559']
iEC0VzHM2hQ13wM7c0QwgQ,"['19047', '18901', '18914', '18929', '18902', '18915', '18928', '18917', '18912', '18913']",['19047']
PDTart2-ChFYdNjECtreQg,"['37122', '37067', '37027', '37064', '37013', '37066', '37015', '37012', '37043', '37024']",['37122']
13RE3PJCdPhWy3ij1RW3Tg,"['33511', '33543', '33547', '33544', '33542', '33510', '33534', '33545', '33541', '33503']",['33511']
d3dw3YihB3WuU1Sb_i74-w,"['63131', '63011', '63017', '63010', '63031', '63026', '63021', '63042', '63033', '63034']",['63131']
d3jvj0_Bll5Tck4jkp6KGw,"['08053', '08002', '08016', '08003', '08012', '08009', '08010', '08007', '08004', '08020']",['08053']
Nssl1jYQH1Vz0sMJxraaKw,"['89502', '89431', '89509', '89441', '89501', '89433', '89439', '89440', '89432', '89508']",['89441']
3ePXM2FPZmVef4MsI5loeA,"['70115', '70002', '70006', '70056', '70001', '70032', '70053', '70003', '70043', '70037']",['70115']
J88JV53EPyDjj7lT0Cm9wA,"['70121', '70002', '70005', '70006', '70001', '70032', '70053', '70003', '70043', '70037']",['70121']
izRHzOCcOpiB0B2wqIJDzw,"['63122', '63011', '63017', '63010', '63031', '63026', '63021', '63042', '63033', '63034']",['63122']
YWeP8DfVn11eoTabjhlh1w,"['85742', '85704', '85705', '85701', '85614', '85658', '85629', '85702', '85653', '85619']",['85742']
5G3LzQ_pouGBbuShPPP8_Q,"['83646', '83713', '83702', '83709', '83703', '83716', '83712', '83634', '83707']",['83709']
TLgAn7ZuoqeXppNSEjyjkQ,"['63122', '63011', '63017', '63010', '63031', '63026', '63021', '63042', '63033', '63034']",['63122']
ADIGOsz22XwJZZIMCLIWJw,"['33701', '33511', '33547', '33544', '33542', '33510', '33534', '33545', '33541', '33503']",['33701']
lNNnuAyi6_W_6hZC1A7pmQ,"['46032', '46038', '46037', '46075', '46077', '46033', '46055', '46060', '46040', '46107']",['46032']
8HAs-c3bh_tr4ggiYAlZng,"['19107', '18901', '18914', '18929', '18902', '18915', '18912', '18917', '18913', '18928']",['19107']
unjm4rIGc-ZzRxdzEPnc1g,"['33607', '33511', '33543', '33544', '33542', '33510', '33534', '33545', '33503', '33541']",['33607']
JE6rfQ9marM2YYCuFK8GqA,"['19003', '18901', '18914', '18929', '18902', '18915', '18912', '18913', '18917', '18928']",['19003']
ujUb29BOYcUyhMcnqo4bWA,"['19713', '19341', '19335', '19301', '19317', '19312', '19333', '19311', '19320', '19331']",['19713']
yRs15dgEYvxGatbDyeVXiA,"['85710', '85704', '85701', '85641', '85614', '85658', '85629', '85702', '85653', '85619']",['85710']
spo7kwg_I4nafkT-HLfWSA,"['63112', '63011', '63017', '63010', '63031', '63026', '63021', '63042', '63033', '63034']",['63112']
sq3BcLyY4_jZf-zkO2itDA,"['33602', '33511', '33543', '33544', '33542', '33510', '33534', '33545', '33503', '33541']",['33602']
FyAvXke2wFHmbWg-O-NICw,"['34654', '34639', '34606', '34608', '34609', '34607', '34221', '34619', '34604', '34610']",['34654']
HLRvheysFKngi7c07enm_Q,"['46032', '46038', '46037', '46075', '46077', '46033', '46055', '46060', '46107', '46040']",['46038']
yqw13sFpy1dXe6MnaZcGZw,"['46202', '46032', '46038', '46037', '46075', '46077', '46033', '46055', '46060', '46040']",['46202']
RGVyb36fh2M2BTTUYxURLg,"['89503', '89434', '89502', '89506', '89441', '89501', '89433', '89439', '89440', '89432']",['89503']
Wx2G_Vbly6uHK4kuAeEg6A,"['89503', '89434', '89502', '89436', '89441', '89501', '89433', '89439', '89440', '89432']",['89436']
pAfC9NSwoRvUSHfPE3VIog,"['19426', '18944', '18938', '18940', '18936', '18929', '18931', '18928', '18946', '18932']",['19426']
7gaW40r-IZfLjcOFCXKCjg,"['83706', '83646', '83704', '83702', '83642', '83709', '83705', '83712', '83707', '83634']",['83706']
dswO92Xa7KuOe9_KoHb3Fw,"['89512', '89434', '89431', '89436', '89441', '89501', '89433', '89439', '89440', '89432']",['89512']
gqCHiQ0OiDkARDQzlEFUiA,"['46032', '46038', '46037', '46075', '46077', '46033', '46055', '46060', '46107', '46040']",['46037']
AZsVCKIWWVE1T8IlFVfcKA,"['19114', '18901', '18914', '18929', '18902', '18915', '18928', '18912', '18917', '18913']",['19114']
0-9PkkpEM53bTgUQo-ls9g,"['19087', '18901', '18914', '18929', '18902', '18915', '18917', '18913', '18912', '18928']",['19087']
GfRhcofYZGPP4iRXe-Vw8w,"['33612', '33543', '33547', '33544', '33542', '33510', '33534', '33545', '33503', '33541']",['33612']
DwEHeY-1Cs9GV-S97wzVhA,"['19128', '18901', '18914', '18929', '18902', '18915', '18928', '18912', '18917', '18913']",['19128']
ryhPJ8yVzy7W_25lWOyPdg,"['33759', '33543', '33547', '33544', '33542', '33510', '33534', '33545', '33503', '33541']",['33759']
OD8wx1sG9hvOizhXw-bPFQ,"['08054', '08002', '08016', '08003', '08012', '08009', '08007', '08010', '08004', '08020']",['08054']
fSV3zMogclnA8O2itzFXrA,"['85704', '85705', '85701', '85641', '85614', '85658', '85629', '85653', '85702', '85619']",['85704']
nNnpgZ00k6BTqP9W4OAwDg,"['63017', '63044', '63010', '63021', '63026', '63011', '63031', '63042', '63033', '63034']",['63044']
H0unmI-lJTazbPh-Lt6lBQ,"['33609', '33511', '33547', '33544', '33542', '33510', '33534', '33545', '33541', '33503']",['33609']
eWmcdBJPPQ_iSaNU8uIpFQ,"['37201', '37067', '37027', '37064', '37013', '37066', '37043', '37012', '37024', '37015']",['37201']
YTHqx3-SkHeMVAB_TbNo6g,"['37067', '37027', '37064', '37013', '37069', '37066', '37015', '37012', '37043', '37024']",['37064']
vYKqwc89YskMxQ-Fho40Pg,"['85712', '85705', '85701', '85641', '85614', '85658', '85629', '85702', '85653', '85619']",['85712']
ILAaYiFUQHXPQlo_0kfD-w,"['63102', '63011', '63017', '63010', '63031', '63026', '63021', '63042', '63033', '63034']",['63102']
nygJ4mY0glpdWGv_Hmp6Dg,"['37201', '37067', '37027', '37064', '37013', '37066', '37024', '37015', '37012', '37043']",['37201']
jmXrmPfM_X0dm-9OU8pUKg,"['33558', '33547', '33544', '33542', '33548', '33510', '33534', '33545', '33541', '33503']",['33558']
JciFC8w1p1kyrqqNEjY8aA,"['08002', '08009', '08016', '08003', '08012', '08021', '08004', '08010', '08007', '08020']",['08012']
hdoGmKdk42H7R7Ihe8U91A,"['46112', '46038', '46037', '46075', '46033', '46055', '46113', '46060', '46040', '46107']",['46038']
dGeXdSMah56gEHwZNaRQKA,"['70119', '70002', '70005', '70006', '70001', '70032', '70053', '70003', '70043', '70037']",['70119']
VgFnAjjhK3AnV3u1-UVB2A,"['19380', '18901', '18914', '18929', '18902', '18915', '18912', '18917', '18913', '18928']",['19380']
RqrwN_JDFYH0fjCP29cokQ,"['70058', '70065', '70002', '70005', '70001', '70032', '70053', '70003', '70043', '70037']",['70065']
BuQptNNitbz1oylgBlm27g,"['33559', '33511', '33543', '33544', '33542', '33510', '33534', '33545', '33503', '33541']",['33559']
gNll1GeLtMf7rUDwn77wnQ,"['89434', '89502', '89506', '89431', '89441', '89501', '89433', '89439', '89440', '89432']",['89431']
roc-xyyzN5b_nImb0NdRLQ,"['19153', '18901', '18914', '18929', '18902', '18915', '18917', '18928', '18912', '18913']",['19153']
5KS5b5-ip8znhJS_CYdzeQ,"['08052', '08002', '08016', '08003', '08012', '08009', '08010', '08007', '08004', '08020']",['08052']
1wy8va7aZ7eXXCIVGajYhw,"['33607', '33511', '33543', '33544', '33542', '33510', '33534', '33545', '33503', '33541']",['33607']
RK93mcFftFbN2UN7JXBp6Q,"['89503', '89502', '89506', '89431', '89436', '89501', '89433', '89439', '89440', '89432']",['89431']
cul9zG3Oy-B9dKLqRg58FQ,"['83646', '83616', '83704', '83642', '83709', '83706', '83703', '83702', '83634', '83707']",['83706']
paz4xvOoUxmaJ8jid895bA,"['37067', '37027', '37064', '37013', '37069', '37066', '37024', '37012', '37015', '37043']",['37067']
MxfQ_HrOBrSPSVk24CAb9A,"['19803', '19342', '19341', '19335', '19317', '19312', '19333', '19320', '19311', '19331']",['19803']
kpRRCAN8PQTeWHGBoxpl_A,"['33701', '33543', '33547', '33544', '33542', '33510', '33534', '33545', '33503', '33541']",['33701']
cHts_R1qf8KJiVm9gb-pJg,"['08053', '08002', '08016', '08003', '08012', '08009', '08010', '08007', '08004', '08020']",['08053']
2f3YghoMYzd5-GFMh_kvwQ,"['19107', '18901', '18914', '18929', '18902', '18915', '18912', '18913', '18928', '18917']",['19107']
V2uSS4OumRDvuVM_2ZSc1Q,"['19030', '18901', '18914', '18929', '18902', '18915', '18917', '18913', '18928', '18912']",['19030']
qQGoc6H4l1YqEem0sBwFHQ,"['19382', '18901', '18914', '18929', '18902', '18915', '18912', '18913', '18917', '18928']",['19382']
UYPMjDBrKcFyZ3EcUQU9yw,"['46032', '46038', '46037', '46075', '46077', '46033', '46055', '46113', '46060', '46040']",['46113']
PKFZM2CfJpwLlMurOsuISQ,"['33559', '33511', '33543', '33544', '33542', '33510', '33534', '33545', '33503', '33541']",['33559']
f3qKagX8q2lnz1O6Ulck7w,"['19341', '19335', '19807', '19317', '19312', '19333', '19320', '19311', '19343', '19331']",['19807']
Dun6k9Y5j76e9ODgkmHKlQ,"['85715', '85705', '85701', '85641', '85614', '85658', '85629', '85653', '85702', '85619']",['85715']
DW_Uxw1EegUKvOBk7C0RRw,"['19460', '18966', '18976', '19001', '18974', '18960', '18969', '18964', '18984', '18977']",['19460']
v1clA_3XNKcU_OWdyN1jvg,"['34667', '34606', '34609', '34608', '34638', '34607', '34221', '34610', '34604', '34619']",['34667']
ZQ-Sg1tJXCKD6Dw9DF4X9g,"['46250', '46032', '46038', '46037', '46075', '46077', '46033', '46055', '46060', '46040']",['46250']
qxt6AeBlA_qBwrYlm8P5NQ,"['08034', '08002', '08016', '08003', '08012', '08009', '08004', '08010', '08007', '08020']",['08034']
PVs2hLuFD8Eq3pVPzkSxoQ,"['46168', '46032', '46038', '46037', '46075', '46077', '46033', '46055', '46060', '46040']",['46168']
qGtPd-sk178XvrN38D3kzQ,"['33618', '33547', '33544', '33542', '33548', '33510', '33534', '33545', '33503', '33541']",['33618']
5cPUlTajKaqy4Fo7wKlw5w,"['46032', '46038', '46037', '46075', '46077', '46033', '46055', '46060', '46107', '46040']",['46038']
Tk9KD_DDpcMeceID_VrutQ,"['19148', '18901', '18914', '18929', '18902', '18915', '18912', '18917', '18928', '18913']",['19148']
pnZQOGEV-Ru6vHIYaUuQBw,"['85711', '85704', '85705', '85641', '85614', '85658', '85629', '85702', '85653', '85619']",['85711']
JdRif0EsffmaINwx2VKZkw,"['85747', '85704', '85701', '85641', '85614', '85658', '85629', '85653', '85702', '85619']",['85747']
sj6_YDuE-s5T0otq1KEfMg,"['63301', '63011', '63017', '63010', '63031', '63026', '63021', '63042', '63033', '63034']",['63301']
Ek59-dvHqoWObG0JNLTZHw,"['34639', '34606', '34608', '34609', '34638', '34607', '34619', '34604', '34610', '34221']",['34638']
I7tLQ1YEJjcN16josIx6Dw,"['93117', '93105', '93013', '93103', '93109', '93111', '93110', '93067', '93190']",['93117']
_SsdiBD9aMZaYYWJ2AHqvg,"['63017', '63031', '63011', '63010', '63043', '63026', '63021', '63042', '63033', '63034']",['63043']
HfF7-FTRi0NXQzh_gpQ3oA,"['89431', '89434', '89502', '89436', '89441', '89501', '89433', '89439', '89440', '89432']",['89431']
Q4NmqOOn2ZhzgxtcTJXh3g,"['19406', '18914', '18929', '18931', '18915', '18913', '18932', '18928', '18912', '18917']",['19406']
DZdE09qqCcX7Atf3Df7Yqg,"['37209', '37067', '37027', '37064', '37013', '37066', '37012', '37015', '37024', '37043']",['37209']
dXtKhR0cORwZMW4GuFxwdg,"['63122', '63011', '63017', '63010', '63031', '63026', '63021', '63042', '63033', '63034']",['63122']
K1fHLKXx15FdzWttpmSLxA,"['33772', '33511', '33543', '33544', '33542', '33510', '33534', '33545', '33541', '33503']",['33772']
iElAd7zHOR9ytv3SQ6fMew,"['83616', '83646', '83704', '83713', '83709', '83703', '83705', '83712', '83634', '83707']",['83616']
oage7vZHEIACcK0BAD5ZhA,"['46220', '46112', '46038', '46037', '46075', '46033', '46055', '46060', '46107', '46040']",['46220']
nc4zwV4aj6FeMaSIxZk6Kg,"['33543', '33547', '33544', '33542', '33548', '33510', '33534', '33545', '33541', '33503']",['33542']
r3WqxVABtyKMaU6zaIp21A,"['19064', '18901', '18914', '18929', '18902', '18915', '18913', '18912', '18928', '18917']",['19064']
LfaaI92M2UtiT3JriY_FWQ,"['70058', '70002', '70005', '70006', '70056', '70001', '70032', '70053', '70003', '70037']",['70005']
iT78kOB6Ja3BJQdYipPa5g,"['93117', '93105', '93013', '93103', '93109', '93111', '93110', '93067', '93190']",['93117']
Y81NL-0TeRsq0v5saHdO5w,"['18901', '19095', '18914', '18929', '18902', '18915', '18928', '18913', '18912', '18917']",['19095']
W2TjR62C5hj26NoQrbdg-A,"['89503', '89434', '89431', '89436', '89441', '89501', '89433', '89439', '89440', '89432']",['89431']
yT3Qs8rz82wqhKFlfWr1Lg,"['85714', '85705', '85701', '85641', '85614', '85658', '85629', '85653', '85702', '85619']",['85714']
Eip--4bnUKCRSk7Cmd4JPg,"['46227', '46032', '46038', '46037', '46075', '46077', '46033', '46055', '46060', '46040']",['46227']
mY4i1N0Hm2fjIgU0Eyn11Q,"['33613', '33511', '33543', '33544', '33542', '33510', '33534', '33545', '33541', '33503']",['33613']
JVZ_c3k01uAIas5B61iISg,"['19107', '18901', '18914', '18929', '18902', '18915', '18912', '18913', '18928', '18917']",['19107']
AUBQPQ8wftMBbP2Q3Lbn0w,"['85715', '85704', '85701', '85641', '85614', '85658', '85629', '85702', '85653', '85619']",['85715']
Jl74HjB5sE6bBaI06vwQGQ,"['37067', '37066', '37188', '37064', '37027', '37013', '37043', '37012', '37024', '37015']",['37188']
q8Rlb1rPFcGP1Fu7gGiJDQ,"['33543', '33547', '33544', '33542', '33548', '33510', '33534', '33545', '33541', '33503']",['33543']
oIA-gfxJAM0gjb0C39d24Q,"['85710', '85704', '85701', '85641', '85614', '85658', '85629', '85702', '85653', '85619']",['85710']
HQu9bnJ4IaW6B7XbGWX-bw,"['46250', '46038', '46037', '46075', '46077', '46033', '46055', '46060', '46040', '46107']",['46250']
5uhG34VRsD0A6lOY8F41Dg,"['89434', '89502', '89431', '89436', '89441', '89501', '89433', '89439', '89440', '89432']",['89434']
x5GkG0oI_S107wLlgdBxVA,"['19104', '18901', '18914', '18929', '18902', '18915', '18917', '18928', '18912', '18913']",['19104']
VvqYQ98FjO0iYpKHgu91fw,"['19046', '18914', '18929', '18931', '18902', '18915', '18912', '18917', '18913', '18928']",['19046']
k4JircNZRWqSf_bvZFxO2A,"['85741', '85704', '85701', '85641', '85614', '85658', '85629', '85702', '85653', '85619']",['85741']
0etPQ4I6SMJWfxiwqwO3wQ,"['33596', '33511', '33543', '33544', '33542', '33510', '33534', '33545', '33541', '33503']",['33596']
F43ox1eEedpvt6968xp0sA,"['18901', '18914', '18929', '18931', '18902', '18915', '18912', '18917', '18928', '18913']",['18901']
wa9tG3QDiR5Qx8P_5oIwdQ,"['37205', '37067', '37027', '37013', '37069', '37066', '37012', '37024', '37043', '37015']",['37205']
Nm-4YHhit9Z0x8yMo5oS1w,"['46240', '46032', '46038', '46037', '46075', '46077', '46033', '46055', '46060', '46040']",['46240']
ZKY_YxsjpRV_w8LkOkfKXw,"['85719', '85704', '85701', '85641', '85614', '85658', '85629', '85653', '85702', '85619']",['85719']
Ur_Vy1jWplP8DG_5ljmgIw,"['85706', '85705', '85701', '85641', '85614', '85658', '85629', '85653', '85702', '85619']",['85705']
V2ORmEuA7WA1XwYmMpSxvg,"['37167', '37067', '37027', '37064', '37013', '37066', '37043', '37015', '37012', '37024']",['37167']
Wr2k0Vz8RbcumYulp-jIrA,"['08034', '08002', '08016', '08003', '08012', '08009', '08004', '08007', '08010', '08020']",['08034']
XYFu64UPMMfoOlGTz3J4fw,"['85704', '85705', '85701', '85641', '85614', '85658', '85629', '85653', '85702', '85619']",['85704']
CdiIirSjwWzfX7XsSCk-1g,"['19153', '18901', '18914', '18929', '18902', '18915', '18917', '18912', '18913', '18928']",['19153']
c-KnWXTVV7401QFWqV1heQ,"['08096', '08002', '08016', '08003', '08012', '08009', '08010', '08007', '08004', '08020']",['08096']
GC75ZzoLxsfeKyk7vA3pXA,"['85713', '85704', '85701', '85641', '85614', '85658', '85629', '85653', '85702', '85619']",['85713']
ProvWPskpyrPOryqVT64Gg,"['37221', '37067', '37064', '37013', '37069', '37066', '37043', '37012', '37024', '37015']",['37221']
CjNjiHsyV-gvtOsHZB0VJQ,"['08096', '08002', '08016', '08003', '08012', '08009', '08010', '08007', '08004', '08020']",['08096']
gP_oWJykA2RocIs_GurKWQ,"['37067', '37027', '37064', '37013', '37069', '37066', '37024', '37015', '37012', '37043']",['37067']
7u68SlaFWfF_bUHQrJtGmQ,"['85741', '85704', '85701', '85641', '85614', '85658', '85629', '85702', '85653', '85619']",['85741']
tAFBJloU8S91sBnj-uvgLw,"['46227', '46032', '46038', '46037', '46075', '46077', '46033', '46055', '46060', '46040']",['46227']
AUAru6cGgfct5I7d6lcvAw,"['85706', '85704', '85705', '85701', '85614', '85658', '85629', '85702', '85653', '85619']",['85704']
xK7Ie1utDh9IW7tQfkLpZA,"['33511', '33547', '33544', '33542', '33548', '33510', '33534', '33545', '33541', '33503']",['33511']
BZk7GCi2OmKTuvdQk-Wmbg,"['33761', '33511', '33543', '33544', '33542', '33510', '33534', '33545', '33503', '33541']",['33761']
f4DCA9U-TigfarQSagXkLA,"['34639', '34606', '34608', '34609', '34638', '34607', '34610', '34619', '34604', '34221']",['34606']
iJ21Tz10MTOjrAkoSLMbOw,"['33706', '33511', '33543', '33544', '33542', '33510', '33534', '33545', '33541', '33503']",['33706']
hfoqVCwnKDvw6D0I9F-vCw,"['83706', '83646', '83709', '83616', '83642', '83705', '83703', '83702', '83707', '83634']",['83642']
Imj_D35_8VZ7fuVUL9Sd8w,"['33511', '33543', '33547', '33544', '33542', '33510', '33534', '33545', '33541', '33503']",['33511']
lHu1ObJBD8IWLJGUpk87QQ,"['19153', '18901', '18914', '18929', '18902', '18915', '18917', '18928', '18913', '18912']",['19153']
rmhorp2X8K57jqDofhWS7Q,"['19348', '18901', '18929', '18931', '18902', '18915', '18912', '18913', '18917', '18928']",['19348']
WoFttPbJRti49sXBgOeIBQ,"['33543', '33547', '33544', '33542', '33548', '33510', '33534', '33545', '33503', '33541']",['33544']
X0vPZIkbUj22afBQz5-neA,"['33511', '33543', '33547', '33544', '33542', '33510', '33534', '33545', '33503', '33541']",['33511']
Jxe_xzKI4vFNHG_mG-04jg,"['33606', '33511', '33543', '33544', '33542', '33510', '33534', '33545', '33503', '33541']",['33606']
yED-u9Fi-MxUFs_69ogRQA,"['19152', '18901', '18914', '18929', '18902', '18915', '18913', '18917', '18928', '18912']",['19152']
Q6e6lhToMu5_kUoHWfSSRQ,"['70062', '70002', '70005', '70006', '70001', '70032', '70053', '70003', '70043', '70037']",['70062']
SdeLVoqiYXiOAqhSxrZ3Gw,"['46032', '46112', '46038', '46075', '46077', '46033', '46055', '46060', '46107', '46040']",['46032']
5vzKjTIICELUoQsLhl_MeA,"['46032', '46112', '46038', '46037', '46075', '46033', '46055', '46060', '46107', '46040']",['46032']
-lT5o2BF6ZvSsh8PvpVOgQ,"['19130', '18901', '18914', '18929', '18902', '18915', '18917', '18912', '18913', '18928']",['19130']
MSwNC4HmQmv2Hh8WYn2XqA,"['63131', '63011', '63017', '63010', '63031', '63026', '63021', '63042', '63033', '63034']",['63131']
rU139D5Zl5928RYoXYSURA,"['33781', '33543', '33511', '33544', '33542', '33510', '33534', '33545', '33541', '33503']",['33781']
QCaidu0NAS_sseca_xe4hQ,"['89519', '89503', '89434', '89431', '89436', '89441', '89433', '89439', '89440', '89432']",['89519']
fUUWNXN9eL2ZP2-ZaJr-Tg,"['37067', '37027', '37064', '37013', '37069', '37066', '37043', '37024', '37015', '37012']",['37064']
YSJZZ1_8uHIIV4w44RSllA,"['83646', '83616', '83713', '83642', '83705', '83709', '83702', '83712', '83634', '83707']",['83642']
MSHk4H_8PvNEgwfAtGYEDQ,"['08053', '08002', '08016', '08003', '08012', '08009', '08010', '08004', '08007', '08020']",['08053']
_ml0rQHmsAqZwXtKSVMyMg,"['70058', '70002', '70005', '70006', '70001', '70032', '70053', '70003', '70043', '70037']",['70002']
rU0d2tSV3D0lGaPMlt4cYg,"['08053', '08002', '08016', '08003', '08012', '08009', '08010', '08007', '08004', '08020']",['08053']
_1wGbJlj9gRIcbGikrhUmA,"['37209', '37067', '37027', '37064', '37013', '37066', '37012', '37015', '37043', '37024']",['37209']
Vtapqk11wXlggdP6vkdXPg,"['89521', '89502', '89434', '89436', '89441', '89501', '89433', '89439', '89440', '89432']",['89521']
2FnoLyEO0nq7g2Wz8x7Z5A,"['19004', '18901', '18914', '18929', '18902', '18915', '18928', '18913', '18912', '18917']",['19004']
I6XYuYbHS4GttygYpTehZw,"['63102', '63011', '63017', '63010', '63031', '63026', '63021', '63042', '63033', '63034']",['63102']
uJEUrK-OppE0xS9BjeRmZQ,"['89511', '89434', '89509', '89441', '89501', '89433', '89439', '89440', '89432', '89508']",['89501']
6-WOy4WWsMdSOLZgyF8m-w,"['63074', '63017', '63031', '63011', '63010', '63026', '63021', '63042', '63033', '63034']",['63074']
pqHCY2NE8_aVl0EsDRbUtg,"['85716', '85704', '85701', '85641', '85614', '85658', '85629', '85702', '85653', '85619']",['85716']
gczLFZVmpfsBB3uUHEbWiA,"['19107', '18901', '18914', '18929', '18902', '18915', '18913', '18928', '18917', '18912']",['19107']
S7V77ngGaFBQMx9PzCZafw,"['19063', '18901', '18914', '18902', '18929', '18915', '18928', '18912', '18913', '18917']",['19063']
XDEgMLsnL9u4qPV_bNCZHQ,"['33613', '33511', '33543', '33547', '33542', '33510', '33534', '33545', '33503', '33541']",['33613']
bsjW6a0dGa2jcIhAFhyUSw,"['63122', '63011', '63017', '63010', '63031', '63026', '63021', '63042', '63033', '63034']",['63122']
by3Pd_qk6R9ik3C2Ng_-rg,"['19047', '18901', '18914', '18929', '18902', '18915', '18917', '18912', '18928', '18913']",['19047']
b13EoceGelGyrIPRxxiERQ,"['46204', '46112', '46037', '46075', '46077', '46033', '46055', '46060', '46040', '46107']",['46204']
BRZfKLsDwk4FxMNv6vwb1g,"['62294', '62034', '62002', '62095', '62040', '62201', '62203', '62062', '62024', '62035']",['62294']
nRTLgg1l9fmIcTpbHoz23Q,"['70127', '70002', '70005', '70006', '70001', '70032', '70053', '70003', '70043', '70037']",['70127']
qm17m5Qp7nOQ3meEESLyGw,"['70065', '70002', '70005', '70056', '70001', '70032', '70053', '70003', '70043', '70037']",['70065']
VUVvVYhB9gf8GedOuLp9xg,"['33701', '33511', '33543', '33544', '33542', '33510', '33534', '33545', '33503', '33541']",['33701']
N6Wo9LW3MDLzj7BxDdzESw,"['70125', '70002', '70005', '70006', '70001', '70032', '70053', '70003', '70043', '70037']",['70125']
IvJtcU04oMF5quUMk5XHlA,"['46229', '46032', '46077', '46038', '46037', '46075', '46033', '46060', '46040', '46107']",['46229']
6ewV-e7-39oqYUq3yZuIyw,"['19104', '18901', '18914', '18929', '18902', '18915', '18913', '18917', '18928', '18912']",['19104']
P1rfYX62C_HD4t3TjO41BQ,"['63144', '63011', '63017', '63010', '63031', '63026', '63021', '63042', '63033', '63034']",['63144']
PuOAqoEqSsRD-kGmKrBemw,"['70065', '70058', '70053', '70002', '70056', '70006', '70001', '70032', '70003', '70037']",['70065']
T-uphPk44OFt6sR8F-0uHA,"['08043', '08002', '08016', '08003', '08012', '08009', '08010', '08004', '08007', '08020']",['08043']
_HMrtN8oEoC4arLmVVSZmw,"['19087', '18901', '18914', '18929', '18902', '18915', '18917', '18913', '18912', '18928']",['19087']
xJyp6RLqNRv3tSu6njPKxQ,"['19341', '18901', '18914', '18929', '18902', '18915', '18913', '18912', '18917', '18928']",['19341']
V8we7-uCa-SouadZmZ9Ieg,"['19102', '18901', '18914', '18929', '18902', '18915', '18928', '18917', '18912', '18913']",['19102']
F2kCbAFrk_Dr9f8CaKARJg,"['89503', '89434', '89431', '89441', '89501', '89433', '89439', '89440', '89508', '89432']",['89434']
D9nOJiHGnEOSYGNSn2FRNA,"['63301', '63017', '63010', '63021', '63026', '63011', '63031', '63042', '63033', '63034']",['63301']
Qg17JxnBMiRDEM5uE5yzOA,"['37203', '37067', '37027', '37064', '37013', '37066', '37024', '37012', '37015', '37043']",['37203']
8wf4qYhu0miI6FzhZ5_mLQ,"['19406', '18914', '18929', '18931', '18915', '18912', '18928', '18932', '18913', '18917']",['19406']
AHLsupKoLHiRXksrFbCzCw,"['33626', '33511', '33543', '33544', '33542', '33510', '33534', '33545', '33503', '33541']",['33626']
nwGp8paKIE7YdsBeFh9NRQ,"['19056', '18901', '18914', '18929', '18902', '18915', '18912', '18917', '18928', '18913']",['19056']
faj9zBer7WxcwvAKYIQ3HQ,"['19090', '18901', '18914', '18929', '18902', '18915', '18928', '18912', '18913', '18917']",['19090']
dExbA_Nx9nQF3qSTeydzXg,"['33569', '33511', '33543', '33544', '33542', '33510', '33534', '33545', '33541', '33503']",['33569']
oZ5cOBDwTCXrbfFjq5AwQw,"['33618', '33543', '33511', '33544', '33542', '33510', '33534', '33545', '33503', '33541']",['33618']
QYMYtbOAfauqobOvC04gMA,"['85745', '85704', '85705', '85701', '85614', '85658', '85629', '85702', '85653', '85619']",['85745']
i2WiqWwv3H9DZJ8uaqwPDA,"['33761', '33511', '33543', '33544', '33542', '33510', '33534', '33545', '33503', '33541']",['33761']
MutOppTPd_HgpzfZVyoVpg,"['37211', '37067', '37027', '37064', '37013', '37066', '37043', '37012', '37024', '37015']",['37211']
K2MrnWrEEg9FzHrm9lve8A,"['33703', '33511', '33543', '33544', '33542', '33510', '33534', '33545', '33541', '33503']",['33703']
pldnKZNb3fKPmr-zxaqA9w,"['62269', '62034', '62002', '62024', '62062', '62201', '62040', '62203', '62095', '62035']",['62269']
x0hzVPfxWXRIu0yOSEnLCQ,"['08053', '08002', '08016', '08003', '08012', '08009', '08010', '08004', '08007', '08020']",['08053']
qKqFapSyetWSmMC19sVHLA,"['37203', '37027', '37064', '37013', '37069', '37066', '37015', '37012', '37024', '37043']",['37203']
3wydQaJngISdB6XtaW1SyQ,"['46220', '46112', '46038', '46075', '46077', '46033', '46055', '46060', '46040', '46107']",['46220']
6Gx45ltNNZvjzVBO6ZgVOg,"['63011', '63017', '63010', '63126', '63031', '63026', '63021', '63042', '63033', '63034']",['63126']
TAPlXaRanHWAiUufwZs43Q,"['46268', '46032', '46038', '46037', '46075', '46077', '46033', '46055', '46060', '46040']",['46268']
ZRcidYvmrdgE-Mc9Svfppw,"['19072', '18901', '18914', '18929', '18902', '18915', '18912', '18913', '18917', '18928']",['19072']
5j7a1GbdBdFV_s2urIPH7Q,"['46032', '46038', '46037', '46075', '46077', '46033', '46055', '46060', '46040', '46107']",['46032']
o7Ccb9LjC_ZTSF_YHgJXnA,"['89521', '89434', '89431', '89436', '89441', '89501', '89433', '89439', '89440', '89432']",['89521']
qaQc-Gnl_Sd0WZZMxcB7Bg,"['33511', '33543', '33547', '33544', '33542', '33510', '33534', '33545', '33541', '33503']",['33511']
dJ4jKcCq6tWTFIfIOjBtzw,"['33511', '33543', '33547', '33544', '33542', '33510', '33534', '33545', '33503', '33541']",['33544']
CAmL9opLPAKwTQsuEGvuMg,"['37067', '37027', '37064', '37013', '37069', '37066', '37012', '37043', '37024', '37015']",['37027']
EBfiJ_YqFij5rKbzyJC9tw,"['85719', '85704', '85701', '85641', '85614', '85658', '85629', '85653', '85702', '85619']",['85719']
q3qHHAMG8v748fe2z0EsCg,"['33611', '33543', '33511', '33544', '33542', '33510', '33534', '33545', '33503', '33541']",['33611']
YL5xstx0C0XP5V_5LRxZuA,"['33511', '33543', '33547', '33544', '33542', '33510', '33534', '33545', '33541', '33503']",['33511']
rTC9QU8Vz516Tkqdwq6KSA,"['37076', '37067', '37027', '37064', '37013', '37066', '37012', '37024', '37015', '37043']",['37076']
q2o9Byux2frVX9EtuP7qmw,"['33612', '33511', '33543', '33544', '33542', '33510', '33534', '33545', '33541', '33503']",['33612']
CTmAWi-W8_Id00EjHF5Uwg,"['93108', '93013', '93109', '93110', '93067', '93190']",['93013']
XQ6mIXhO9YjMKys2r-J5dQ,"['33605', '33511', '33543', '33544', '33542', '33510', '33534', '33545', '33541', '33503']",['33605']
vkffDkvbUwkgEXoBbCAXng,"['19702', '19341', '19335', '19301', '19317', '19312', '19333', '19311', '19320', '19331']",['19702']
86pRIJ5201_hfReVxR2fKw,"['63146', '63011', '63017', '63010', '63031', '63043', '63026', '63042', '63033', '63034']",['63146']
fO52yQ7zBh5EQACZQ4ujxA,"['89509', '89502', '89431', '89434', '89436', '89501', '89433', '89439', '89440', '89432']",['89509']
GROg6x3Lf-Tp3TgiTtYsoA,"['19154', '18901', '18914', '18929', '18902', '18915', '18917', '18913', '18912', '18928']",['19154']
YbE-dvcWOgTGPbvkYxr9XA,"['89502', '89503', '89434', '89436', '89441', '89501', '89433', '89439', '89440', '89432']",['89502']
Q4PsKtbnsRlccjs2C-oMng,"['46220', '46037', '46077', '46038', '46055', '46075', '46033', '46060', '46040', '46107']",['46220']
0XHO9Af7O0GQ6ynGmJmjJw,"['19064', '18901', '18914', '18929', '18902', '18915', '18913', '18912', '18928', '18917']",['19064']
hDBnGZ40GSYc63GxEmjWVg,"['46112', '46038', '46037', '46077', '46033', '46055', '46113', '46060', '46107', '46040']",['46112']
NbajxjmlNjYfUNr1osXpYw,"['08081', '08002', '08016', '08003', '08012', '08009', '08007', '08004', '08010', '08020']",['08081']
Ci_-QGpCm98DnSiFQUq0lg,"['83616', '83646', '83704', '83702', '83642', '83706', '83703', '83705', '83707', '83634']",['83616']
9J0KBrvFz5vdO3osU3vjHw,"['08034', '08002', '08016', '08003', '08012', '08009', '08010', '08004', '08007', '08020']",['08034']
Ubifk_PwiUXPEGNs1V0B_Q,"['63122', '63011', '63010', '63031', '63043', '63026', '63021', '63042', '63033', '63034']",['63122']
VI0otgWu9GcQOZYJnenmcw,"['89511', '89434', '89509', '89436', '89441', '89433', '89439', '89440', '89508', '89432']",['89436']
Hh0r152Uszpm1xjmkpCzzA,"['83646', '83713', '83704', '83703', '83702', '83716', '83712', '83634', '83707']",['83704']
WC-wM8voEEcUxitt2-IIfw,"['18944', '19422', '18938', '18940', '18936', '18929', '18931', '18932', '18946', '18928']",['19422']
qDw2WedMSeYcVaUFUfRoeQ,"['89503', '89434', '89431', '89436', '89441', '89501', '89433', '89439', '89440', '89432']",['89503']
qNxVCnU7uAEWl1uK50ONqg,"['63011', '63044', '63017', '63031', '63026', '63021', '63049', '63042', '63033', '63034']",['63011']
1K7YpesPySJ8xOVKWEU67g,"['33572', '33511', '33543', '33544', '33542', '33510', '33534', '33545', '33503', '33541']",['33572']
IL-wbqkMgqVGr9mxve3s1w,"['33701', '33511', '33543', '33544', '33542', '33510', '33534', '33545', '33541', '33503']",['33701']
DfYamqDQNS1RnzeWjOcGPg,"['63126', '63011', '63017', '63031', '63043', '63026', '63021', '63042', '63033', '63034']",['63126']
EnLLksrGdqMgOOAu9rNtJg,"['63131', '63011', '63017', '63010', '63031', '63026', '63021', '63042', '63033', '63034']",['63131']
yJqN-U9dUylYEwTr8SBP1Q,"['33578', '33511', '33543', '33544', '33542', '33510', '33534', '33545', '33541', '33503']",['33578']
sn__ToT2W06cmbVdxwmvHA,"['89503', '89434', '89431', '89436', '89441', '89501', '89433', '89439', '89440', '89432']",['89436']
TC_iAswrOu81fv1zMNlgyA,"['83709', '83616', '83704', '83702', '83706', '83703', '83705', '83712', '83634', '83707']",['83709']
tdXYmpPzMuBzm9bN46PG3w,"['19090', '18901', '18914', '18929', '18902', '18915', '18928', '18917', '18912', '18913']",['19090']
n7XtDJQVnxb1UzPPzlOlHQ,"['19810', '19342', '19341', '19335', '19317', '19312', '19333', '19311', '19331', '19320']",['19810']
AHQSq5ZdYVQUleXgPwHHhg,"['19803', '19342', '19341', '19335', '19317', '19312', '19333', '19320', '19311', '19331']",['19803']
W72rYffSVg0pIaOpRgNniw,"['89502', '89434', '89431', '89436', '89441', '89501', '89433', '89439', '89440', '89432']",['89434']
UV-Uk9BeThZmxAEoOYNxpg,"['46250', '46032', '46038', '46037', '46075', '46077', '46033', '46055', '46060', '46040']",['46250']
Mfvk9uEEhdCqj8S2u7dWgQ,"['08002', '08016', '08003', '08012', '08021', '08009', '08004', '08010', '08007', '08020']",['08002']
vgAiij5tNRpdR9yPd6w2mg,"['85716', '85706', '85701', '85641', '85614', '85658', '85629', '85702', '85653', '85619']",['85716']
8TTsxCiQuonHCzXwQpYUyw,"['46032', '46038', '46037', '46075', '46077', '46033', '46055', '46060', '46040', '46107']",['46032']
d-cajJNm80ee4YyGARtbUg,"['63017', '63011', '63010', '63031', '63043', '63026', '63021', '63042', '63033', '63034']",['63017']
Avs0S6hNqpKMb34ggbuayw,"['63102', '63011', '63017', '63010', '63031', '63026', '63021', '63042', '63033', '63034']",['63102']
e_BXz3vTc49eKX6Syvqy7w,"['85704', '85705', '85701', '85641', '85614', '85658', '85629', '85653', '85702', '85619']",['85704']
5N-93oMmm0MUt8HvyOot5A,"['19001', '18901', '18914', '18929', '18902', '18915', '18928', '18917', '18913', '18912']",['19001']
uIK9cFiBkixiBLu4yXRQcg,"['83706', '83646', '83709', '83616', '83704', '83705', '83703', '83702', '83634', '83707']",['83704']
9e5Xi61W7CfnxedQxvOyxw,"['46112', '46038', '46037', '46075', '46077', '46033', '46055', '46060', '46107', '46040']",['46037']
ZyVnWKb87hJbJyP2BHRlJQ,"['70058', '70002', '70005', '70006', '70001', '70032', '70053', '70003', '70043', '70037']",['70006']
3kCdCzbfMbpTStmrUbpfUQ,"['33618', '33511', '33543', '33544', '33542', '33510', '33534', '33545', '33541', '33503']",['33618']
UVmjxbmreidwhwoFpYaczA,"['19107', '18901', '18914', '18929', '18902', '18915', '18913', '18917', '18928', '18912']",['19107']
zedtiorJSVxjpqMKdyp9TA,"['89503', '89511', '89502', '89506', '89436', '89501', '89433', '89439', '89440', '89432']",['89511']
zql7T79U3psN2Jz8A6XERw,"['19104', '18901', '18914', '18929', '18902', '18915', '18912', '18913', '18928', '18917']",['19104']
knMaadLnS34vPDNkNlRLrA,"['19141', '18901', '18914', '18929', '18902', '18915', '18913', '18912', '18917', '18928']",['19141']
zRWtPxp8lHfcGtIl15_iXA,"['70130', '70002', '70006', '70056', '70001', '70032', '70053', '70003', '70043', '70037']",['70130']
BO9a-N3jvJyjoL524hzoSQ,"['37167', '37027', '37064', '37013', '37069', '37066', '37043', '37012', '37024', '37015']",['37167']
PcbJHYd9Lu_mL42_z1dAzw,"['18974', '18901', '18914', '18929', '18902', '18915', '18928', '18913', '18912', '18917']",['18974']
BtPJ9tdNy9rGLSnax9Iu5g,"['33602', '33511', '33543', '33544', '33542', '33510', '33534', '33545', '33503', '33541']",['33602']
G15tUaO6G0nS41zY8g8Yow,"['18976', '18901', '18914', '18929', '18902', '18915', '18913', '18912', '18917', '18928']",['18976']
dJPTV6ilP1FhayMIyVMN2A,"['85704', '85705', '85701', '85641', '85614', '85658', '85629', '85653', '85702', '85619']",['85705']
7McQCpcpjyAA_TaQPlsirg,"['08054', '08002', '08016', '08003', '08012', '08009', '08010', '08007', '08004', '08020']",['08054']
zchGzLqXeR2pbZg58T1-tw,"['85719', '85705', '85701', '85641', '85614', '85658', '85629', '85653', '85702', '85619']",['85719']
0GsYSmfpsUpnTnxYbH045A,"['89503', '89434', '89431', '89441', '89501', '89433', '89439', '89440', '89432', '89508']",['89431']
YLZ6XqKo-cixzMtNMHKEvw,"['33765', '33511', '33543', '33544', '33542', '33510', '33534', '33545', '33503', '33541']",['33765']
5KTQ_OfaVRAl4BC13rxE3Q,"['83616', '83646', '83704', '83702', '83642', '83706', '83703', '83705', '83634', '83707']",['83646']
D_sIoGDRaLJv0DAIc46MMA,"['70002', '70005', '70006', '70056', '70001', '70032', '70053', '70003', '70043', '70037']",['70001']
hjd-dLRBTTFsPNJapCLFfg,"['46123', '46032', '46038', '46037', '46075', '46077', '46033', '46055', '46060', '46040']",['46123']
s1kyUBjwafpWitejuCc2RA,"['33770', '33543', '33511', '33544', '33542', '33510', '33534', '33545', '33541', '33503']",['33770']
wOEoIHeIsrxrYEbu849sFw,"['19406', '18914', '18929', '18931', '18915', '18932', '18917', '18928', '18913', '18912']",['19406']
7hzMziJEmZ0O6s9RtQxdBw,"['19446', '18954', '18966', '18947', '18960', '18951', '18969', '18964', '18949', '18946']",['19446']
TlE4OrfOb0ydIfSQSQIyfQ,"['19003', '18901', '18914', '18929', '18902', '18915', '18912', '18913', '18917', '18928']",['19003']
bzldjIZDjIvS8vHTMRqNOQ,"['46142', '46032', '46038', '46037', '46075', '46077', '46033', '46055', '46060', '46040']",['46142']
NsTtjA9ZuJVr6pHApkOXsw,"['19335', '19803', '19342', '19312', '19317', '19333', '19320', '19311', '19343', '19331']",['19803']
VFDopV1OrDLirXyTCsshpg,"['08002', '08016', '08003', '08012', '08021', '08009', '08010', '08007', '08004', '08020']",['08021']
1ipr4W2ApXdAyOmRE4AIkQ,"['85704', '85705', '85701', '85641', '85614', '85658', '85629', '85653', '85702', '85619']",['85704']
Xm3fazqrD-Fi4tVPlc4i6Q,"['46250', '46032', '46038', '46037', '46077', '46033', '46055', '46060', '46107', '46040']",['46250']
MNOM7tHDWCjQ6sqOq4w_oA,"['08057', '08002', '08016', '08003', '08012', '08009', '08004', '08007', '08010', '08020']",['08057']
BNSBdAxsnbXgaj-h-Q_yzA,"['46240', '46032', '46038', '46037', '46075', '46077', '46033', '46055', '46060', '46040']",['46240']
N17pdux3YwNgeXHZEXppBA,"['33713', '33511', '33543', '33544', '33542', '33510', '33534', '33545', '33503', '33541']",['33713']
JKnKGY2U5med1efsERZQ5g,"['63123', '63011', '63017', '63010', '63031', '63026', '63021', '63042', '63033', '63034']",['63123']
ZxymmM8SI80x0VxpW8h9ZQ,"['85747', '85704', '85701', '85641', '85614', '85658', '85629', '85702', '85653', '85619']",['85747']
ChMcfx_cnuKZQYT4tE3arQ,"['33559', '33543', '33547', '33544', '33542', '33510', '33534', '33545', '33503', '33541']",['33559']
DUzpYo4Wy7gj42kfZUpoQw,"['89502', '89434', '89431', '89509', '89501', '89433', '89439', '89440', '89432', '89508']",['89434']
Yaqg1BsxEH3iuunV4mZXNQ,"['85712', '85704', '85701', '85641', '85614', '85658', '85629', '85702', '85653', '85619']",['85712']
QVXfW1c8eOm9SJVb3xdo7w,"['63131', '63011', '63017', '63010', '63031', '63026', '63021', '63042', '63033', '63034']",['63131']
DJYWYpHtknjb4W0NTs42xg,"['33511', '33543', '33547', '33544', '33542', '33510', '33534', '33545', '33541', '33503']",['33543']
J3g66wKek-2FTCotE7em5w,"['34639', '34606', '34608', '34609', '34638', '34607', '34619', '34221', '34604', '34610']",['34606']
61denhyyLqB_WB7HF99y2Q,"['33617', '33511', '33543', '33544', '33542', '33510', '33534', '33545', '33541', '33503']",['33617']
0bVcCefYVtvU8MjXC5Na_Q,"['62025', '62034', '62002', '62201', '62095', '62035', '62024', '62203', '62040', '62062']",['62025']
QDVftdeX2zWaSbk2-dbCyA,"['63303', '63011', '63017', '63010', '63031', '63026', '63021', '63042', '63033', '63034']",['63303']
HUZV9OAtqj0sGBo4g3ZxBQ,"['08052', '08002', '08016', '08003', '08012', '08009', '08010', '08007', '08004', '08020']",['08052']
vj6AetpADpHOYtMRZsXX3g,"['93105', '93108', '93013', '93103', '93109', '93111', '93110', '93067', '93190']",['93105']
XVFUNtPWYpxhoWPtBQHFdQ,"['83646', '83709', '83704', '83642', '83705', '83703', '83702', '83712', '83634', '83707']",['83709']
ySSOZ_fz7wMhfjhWKzdR-w,"['89434', '89595', '89431', '89436', '89441', '89501', '89433', '89439', '89440', '89432']",['89595']
iKeEhlGU9R8vUchNwF5__Q,"['62025', '62034', '62002', '62035', '62201', '62095', '62024', '62040', '62203', '62062']",['62025']
sl0O4RdLobHsM6qwpBsRqA,"['63109', '63011', '63010', '63031', '63043', '63026', '63049', '63042', '63033', '63034']",['63109']
-Q9l-6rQpExmerxk3BMahA,"['18901', '18914', '18929', '18931', '18902', '18915', '18913', '18912', '18928', '18917']",['18914']
20cZe44sIDZkCFvX9BMQGg,"['18966', '19460', '19001', '18974', '18976', '18960', '18969', '18964', '18977', '18984']",['19460']
oKvzmVhA1dKf-UARX4EpzQ,"['70123', '70058', '70005', '70006', '70056', '70032', '70053', '70003', '70043', '70037']",['70123']
bSX7czEHT7plB0JG_2aPHg,"['19090', '18901', '18914', '18929', '18902', '18915', '18928', '18917', '18912', '18913']",['19090']
Kv04mUsfP557B0ECYZkKBQ,"['37208', '37067', '37027', '37064', '37013', '37066', '37012', '37015', '37024', '37043']",['37208']
VYkEik6T-yVY-jRK28mF3A,"['46204', '46032', '46038', '46037', '46075', '46077', '46033', '46055', '46060', '46040']",['46204']
mId-M1HWa1lahc9uPjJwQA,"['85614', '85705', '85704', '85701', '85641', '85658', '85629', '85653', '85702', '85619']",['85641']
b1pdnbYvBdtTxJOOom5WmA,"['19146', '18901', '18914', '18929', '18902', '18915', '18912', '18928', '18917', '18913']",['19146']
AEAW8IkEQv8wV6lXKfx06w,"['19115', '18901', '18914', '18929', '18902', '18915', '18928', '18917', '18912', '18913']",['19115']
Wp9D-r8Ap1Fv0IIM0zGfoQ,"['85711', '85704', '85701', '85641', '85614', '85658', '85629', '85653', '85702', '85619']",['85711']
UA3HxLprLSOO9J6l1iR2Cg,"['93108', '93117', '93105', '93101', '93013', '93103', '93109', '93111', '93110', '93067']",['93108']
t2KQa1plnfMoA_LOgBrUGA,"['19146', '18901', '18914', '18929', '18902', '18915', '18917', '18913', '18912', '18928']",['19146']
JVIitv_Mvk0cKZmqjIh7Gg,"['33703', '33511', '33543', '33544', '33542', '33510', '33534', '33545', '33503', '33541']",['33703']
peL7F35gY6nXuXDD-08LAA,"['34684', '34606', '34608', '34609', '34638', '34607', '34604', '34610', '34221', '34619']",['34684']
SNuTYRfrIRpBwswsXHj1lw,"['37203', '37067', '37027', '37064', '37013', '37066', '37015', '37043', '37012', '37024']",['37203']
XjSfrrBDZaimpp4lWGI5Qg,"['33543', '33547', '33544', '33542', '33548', '33510', '33534', '33545', '33503', '33541']",['33543']
lud27y8azdG9rooFJqIxpA,"['33714', '33511', '33543', '33544', '33542', '33510', '33534', '33545', '33503', '33541']",['33714']
eOI9IHud6hpd_sXN99OT6w,"['33511', '33773', '33543', '33544', '33542', '33510', '33534', '33545', '33503', '33541']",['33773']
OXDo1mHlp2Io3CM6a1aB1w,"['63130', '63011', '63010', '63031', '63043', '63026', '63021', '63042', '63033', '63034']",['63130']
UdcLHHBRIxtelgbKBnhitA,"['19114', '18901', '18914', '18929', '18902', '18915', '18913', '18917', '18912', '18928']",['19114']
Ef5gO54h6dxHb7QIEe2XSw,"['08053', '08002', '08016', '08003', '08012', '08009', '08004', '08007', '08010', '08020']",['08053']
AZphL3UZHn_F7tLY8iUw4Q,"['33572', '33511', '33543', '33544', '33542', '33510', '33534', '33545', '33541', '33503']",['33572']
T4-vocFpzwlIxAQIi22FFA,"['33767', '33511', '33543', '33544', '33542', '33510', '33534', '33545', '33541', '33503']",['33767']
H061rGK0tKh5H_T104vz1A,"['08081', '08002', '08016', '08003', '08012', '08009', '08010', '08004', '08007', '08020']",['08081']
FzLLPzrGAUU0iHKY0oaVYQ,"['70058', '70002', '70006', '70056', '70001', '70032', '70053', '70003', '70043', '70037']",['70058']
SXQWqc8gJWaM3M1_1e90tg,"['19355', '18901', '18914', '18929', '18902', '18915', '18917', '18912', '18913', '18928']",['19355']
Y6heWJJ9AmEL58fZwgi9YQ,"['85741', '85704', '85701', '85641', '85614', '85658', '85629', '85702', '85653', '85619']",['85741']
ftvJpV1dX9a_pd0e72nB5g,"['33707', '33511', '33543', '33547', '33542', '33510', '33534', '33545', '33541', '33503']",['33707']
KPI0trKirkXDT8oroNfq3g,"['85750', '85704', '85701', '85641', '85614', '85658', '85629', '85653', '85702', '85619']",['85750']
pSLOLTtA_MDwwGCuXssXiA,"['63301', '63011', '63017', '63031', '63043', '63026', '63021', '63042', '63033', '63034']",['63301']
1U7HlOogq3j16jdNWZXljg,"['19053', '18901', '18914', '18929', '18902', '18915', '18917', '18928', '18913', '18912']",['19053']
3F_yz58Xy2vQedRI8WiBCA,"['63044', '63011', '63017', '63010', '63043', '63026', '63021', '63042', '63033', '63034']",['63011']
tejjTwrs5QzaiMvbfwCdZQ,"['46268', '46032', '46038', '46037', '46075', '46077', '46033', '46055', '46060', '46040']",['46268']
1e__0VDUwZ2Jb6pt65NjgA,"['19026', '18901', '18914', '18929', '18902', '18915', '18917', '18912', '18913', '18928']",['19026']
KzsA-Vy2O6yynr9Xt5jo1Q,"['08002', '08016', '08003', '08012', '08021', '08009', '08004', '08007', '08010', '08020']",['08002']
TqXrx4jBp5-mr4OsquRFtg,"['34655', '34606', '34608', '34609', '34638', '34607', '34604', '34610', '34619', '34221']",['34655']
R9CkIswjh9tRaI-oChUBGA,"['37215', '37067', '37027', '37064', '37013', '37066', '37024', '37015', '37012', '37043']",['37215']
n3RLMOsTmgetUZqKnXi7OQ,"['85706', '85704', '85701', '85641', '85614', '85658', '85629', '85702', '85653', '85619']",['85706']
C9Xaa3B5zuOgEPRlCNbguA,"['18940', '18901', '18914', '18929', '18902', '18915', '18917', '18928', '18913', '18912']",['18940']
9mA9qYqiv4c0T9ASid3PIQ,"['19107', '18901', '18914', '18929', '18902', '18915', '18917', '18912', '18928', '18913']",['19107']
tBvW2eH5DIwSRci4LRAezg,"['19004', '18901', '18914', '18929', '18902', '18915', '18913', '18917', '18928', '18912']",['19004']
I1jkXzkuNXkeuFUPOGUdoA,"['37216', '37067', '37027', '37064', '37013', '37066', '37043', '37024', '37015', '37012']",['37216']
240AcX5LUysqS3y7FGGwzw,"['19010', '18914', '18929', '18931', '18902', '18915', '18912', '18917', '18928', '18913']",['19010']
eRnCmPc6TTbNK-Zs0jgYPA,"['63139', '63011', '63017', '63010', '63031', '63026', '63021', '63042', '63033', '63034']",['63139']
kzy0Kf7z1ucbL2sVbfAFsg,"['19103', '18901', '18914', '18929', '18902', '18915', '18928', '18912', '18913', '18917']",['19103']
MXTV7gLn1GcgBIskfIXwMg,"['37208', '37067', '37027', '37064', '37013', '37066', '37012', '37043', '37024', '37015']",['37208']
-lhHSR1Aws4CyYC1XOPVTw,"['33629', '33511', '33543', '33544', '33542', '33510', '33534', '33545', '33503', '33541']",['33629']
bki_5P8lQ51wWTd55wikpA,"['37214', '37067', '37027', '37064', '37013', '37069', '37024', '37015', '37012', '37043']",['37214']
AX4XFPDUYK2eeioZFCZgCQ,"['37115', '37067', '37027', '37064', '37013', '37066', '37012', '37043', '37024', '37015']",['37115']
pFpQAuoPfhHCbXnHarxxtg,"['70058', '70005', '70006', '70056', '70001', '70032', '70053', '70003', '70043', '70037']",['70056']
nrWbssf3Tcub2MuL-8WMbQ,"['37027', '37064', '37067', '37013', '37069', '37066', '37012', '37024', '37043', '37015']",['37067']
9DjAtlmWg2ltHO8cwFCfng,"['08096', '08002', '08016', '08003', '08012', '08009', '08007', '08004', '08010', '08020']",['08096']
UU9bMSKEcWURG3AIkIU5sg,"['08057', '08002', '08016', '08003', '08012', '08009', '08007', '08004', '08010', '08020']",['08057']
ztnYPn2w0R4lEJL266apzg,"['33635', '33511', '33543', '33544', '33542', '33510', '33534', '33545', '33541', '33503']",['33635']
Qdy638u5Db3O7_W4wXhf6w,"['33629', '33511', '33543', '33544', '33542', '33510', '33534', '33545', '33503', '33541']",['33629']
l6Fzsau2TbPQxuaF8d804g,"['83646', '83704', '83713', '83702', '83709', '83703', '83705', '83712', '83707', '83634']",['83702']
iSRBwYAPsEACZULz72eyWw,"['37027', '37067', '37064', '37013', '37069', '37066', '37024', '37015', '37012', '37043']",['37027']
qkckth-7yHPXqWwaS6ovKA,"['37067', '37027', '37064', '37013', '37069', '37066', '37024', '37015', '37012', '37043']",['37067']
C9jZ0hQVgrzOatu72ZCXBA,"['19047', '18901', '18914', '18929', '18902', '18915', '18917', '18928', '18913', '18912']",['19047']
MiAG-Q8SjjHNEnN5MaEEjw,"['46240', '46032', '46038', '46037', '46075', '46077', '46033', '46055', '46060', '46040']",['46240']
FDifzPPJA9aZKxNQo61pfQ,"['19130', '18901', '18914', '18929', '18902', '18915', '18913', '18912', '18928', '18917']",['19130']
I1H5s9cVCGh1nH-4bhsSDA,"['19147', '18901', '18914', '18929', '18902', '18915', '18912', '18917', '18928', '18913']",['19147']
f0R-71S86W2M8UCYg_n0OA,"['33701', '33511', '33543', '33534', '33544', '33542', '33510', '33545', '33503', '33541']",['33701']
_-GYicUDtfIfMs2SiXdJIA,"['19003', '18901', '18914', '18929', '18902', '18915', '18928', '18913', '18912', '18917']",['19003']
yb2vAoH3E-R11yWmnT570w,"['33604', '33511', '33543', '33544', '33542', '33510', '33534', '33545', '33503', '33541']",['33604']
OO7wnYQxOiHT1I_lQ6AQAA,"['89431', '89434', '89441', '89506', '89436', '89501', '89433', '89439', '89440', '89432']",['89506']
-x2B-rrTqqLMrcnzYuQlpw,"['33511', '33543', '33547', '33544', '33542', '33510', '33534', '33545', '33541', '33503']",['33544']
lJ-H-RFwuA55X0cE_1nkZA,"['18944', '19444', '18954', '18966', '18947', '18960', '18951', '18964', '18949', '18946']",['19444']
JykoUULAfF60rAp3gjlvVw,"['85745', '85704', '85701', '85641', '85614', '85658', '85629', '85653', '85702', '85619']",['85745']
95d60_mjUg2kLy-bhDLC6w,"['70119', '70005', '70006', '70056', '70001', '70032', '70053', '70003', '70043', '70037']",['70119']
jLM0Tik4EajGz5Odjm8HxQ,"['37067', '37027', '37064', '37013', '37069', '37066', '37012', '37043', '37024', '37015']",['37067']
SMJkOa60d1fmAyNWeSPfOg,"['89503', '89434', '89502', '89441', '89501', '89433', '89439', '89440', '89508', '89432']",['89502']
gYYMQeg4X8FUcCxXI4c2Tw,"['19149', '18901', '18914', '18929', '18902', '18915', '18913', '18917', '18912', '18928']",['19149']
8fKNBJt5_CICPeH12EKOxQ,"['08002', '08016', '08003', '08012', '08021', '08009', '08010', '08004', '08007', '08020']",['08012']
UtuHQs60cgEdApzfAe4QIQ,"['83616', '83704', '83713', '83702', '83642', '83706', '83705', '83712', '83634', '83707']",['83642']
ngIBJmt4ebOcklne2kkfzg,"['85704', '85705', '85701', '85641', '85614', '85658', '85629', '85702', '85653', '85619']",['85704']
TiMLGef1wuKakpQVnqwSXA,"['19464', '18974', '18966', '18976', '19002', '19001', '18969', '18964', '18984', '18977']",['19464']
8xuhKP08513N2W32JOMW4Q,"['19406', '18914', '18929', '18931', '18915', '18913', '18928', '18917', '18932', '18912']",['19406']
rlgpNDhdB5LwtOWoB0G2nA,"['46142', '46032', '46038', '46037', '46075', '46077', '46033', '46055', '46060', '46040']",['46142']
MJ3ePnHQO23sqwSdXXDscw,"['70056', '70006', '70005', '70002', '70001', '70032', '70053', '70003', '70043', '70037']",['70056']
71CCyiD8inLsSXFgd0Y0wQ,"['33612', '33511', '33543', '33544', '33542', '33510', '33534', '33545', '33503', '33541']",['33612']
WksAo-C-Wl4RRz4sgQjZLw,"['08053', '08002', '08016', '08003', '08012', '08009', '08010', '08004', '08007', '08020']",['08053']
1Tb7ION52mf2I7wXJY9HAw,"['33511', '33543', '33547', '33544', '33542', '33510', '33534', '33545', '33541', '33503']",['33511']
yI-ahfduU45_bZa3ZgEx4w,"['46219', '46032', '46038', '46037', '46075', '46077', '46033', '46055', '46060', '46040']",['46219']
3cVdKfNDrx0IYjEYk5Yauw,"['70043', '70002', '70005', '70006', '70056', '70001', '70032', '70053', '70003', '70037']",['70043']
3loXsBulkZSF7vlewovKXA,"['19468', '19003', '19004', '18976', '19002', '19001', '18974', '18969', '18977', '18984']",['19468']
nwFyEhtZmtSkomYGkK0AAQ,"['37067', '37027', '37064', '37013', '37069', '37066', '37015', '37043', '37024', '37012']",['37064']
p8ao29A31ijNwDXuAxQxjA,"['08002', '08016', '08003', '08012', '08021', '08009', '08004', '08007', '08010', '08020']",['08002']
hHMSW3eOtPLwk7XhKurvuw,"['19020', '18901', '18914', '18929', '18902', '18915', '18928', '18913', '18917', '18912']",['19020']
2rXnfNMiALPvJZtYkM2OAA,"['33578', '33543', '33547', '33544', '33548', '33510', '33534', '33545', '33503', '33541']",['33578']
MMRRS6YhVRx_iN5-JhMRYg,"['19104', '18901', '18914', '18929', '18902', '18915', '18912', '18928', '18913', '18917']",['19104']
R8t9g5nvi7VFyS8zsgmj8Q,"['63130', '63011', '63017', '63010', '63031', '63026', '63021', '63042', '63033', '63034']",['63130']
RuLg9NNbKT13hlxqKCf9VA,"['85718', '85705', '85701', '85641', '85614', '85658', '85629', '85653', '85702', '85619']",['85718']
RafsOHGD8SO_xc5Zljgbdg,"['34639', '34655', '34608', '34609', '34638', '34607', '34610', '34604', '34221', '34619']",['34655']
AG8iUJbLefR48HCykQTBiA,"['46227', '46032', '46038', '46075', '46077', '46033', '46055', '46060', '46040', '46107']",['46227']
7hxKhNTk2mTF6bNMTwx6pQ,"['85741', '85704', '85701', '85641', '85614', '85658', '85629', '85653', '85702', '85619']",['85741']
Vv5Fxre786NpKFR_3OduKw,"['63114', '63011', '63010', '63031', '63043', '63026', '63021', '63042', '63033', '63034']",['63114']
8CG5nPzDkMkQEsH1k_hdVA,"['19044', '18901', '18914', '18929', '18902', '18915', '18913', '18928', '18912', '18917']",['19044']
F9P8ZZa4wQVaUE-OYWbRKQ,"['37122', '37067', '37027', '37064', '37013', '37066', '37043', '37015', '37024', '37012']",['37122']
VrvUBUiYT3kLgIx5pED90w,"['33607', '33543', '33547', '33542', '33548', '33510', '33534', '33545', '33503', '33541']",['33607']
3wo9jODQnuvBm8Gkem6qXg,"['70119', '70002', '70005', '70006', '70056', '70032', '70053', '70003', '70043', '70037']",['70119']
YPO3NLr89k2mSNgYcPoRrg,"['46227', '46032', '46038', '46037', '46075', '46077', '46033', '46055', '46060', '46040']",['46227']
6h4niEtD25zwdmR3GJ5HAA,"['08054', '08002', '08016', '08003', '08012', '08009', '08007', '08004', '08010', '08020']",['08054']
kcOWQgF8gnehRd1UVmBkAw,"['19406', '18914', '18929', '18931', '18912', '18915', '18928', '18917', '18913', '18932']",['19406']
ffP1GQlXVK2SROuzU9KBfA,"['33511', '33543', '33547', '33544', '33542', '33510', '33534', '33545', '33503', '33541']",['33511']
uKK_8fcwaV5JuCv3Nj-OIw,"['18914', '18901', '18929', '18931', '18902', '18915', '18928', '18913', '18912', '18917']",['18901']
Nm8N8GU7pYg2rnV_GlwrzQ,"['70113', '70002', '70005', '70006', '70001', '70032', '70053', '70003', '70043', '70037']",['70113']
YFF9QHuMMi5nT1TtY2L2tw,"['33617', '33511', '33543', '33544', '33510', '33542', '33534', '33545', '33541', '33503']",['33617']
ZPr1YaGXafGztJbU6cauiA,"['18976', '18901', '18914', '18929', '18902', '18915', '18917', '18913', '18928', '18912']",['18976']
ylU2tt9JXkZNN4SF_UnNMw,"['63141', '63011', '63017', '63010', '63031', '63026', '63021', '63042', '63033', '63034']",['63141']
NjIJB0wNbYXg4MTlGGjTmA,"['19030', '18901', '18914', '18929', '18902', '18915', '18913', '18917', '18912', '18928']",['19030']
F9jfjlNRuFk4WrMPdsr7CA,"['85719', '85704', '85701', '85641', '85614', '85658', '85629', '85702', '85653', '85619']",['85719']
u_xQZVeqwNdIOrGuvC32mQ,"['85704', '85705', '85701', '85641', '85614', '85658', '85629', '85702', '85653', '85619']",['85704']
VqBFrv6StMLgZmO_nCtk4A,"['85743', '85614', '85704', '85701', '85641', '85658', '85629', '85653', '85702', '85619']",['85743']
thaxF2Bnvu29xdXCf57ULw,"['19341', '18901', '18914', '18929', '18902', '18915', '18913', '18917', '18928', '18912']",['19341']
8Nbo-W77QpuVmWJDs69q0Q,"['62269', '62025', '62034', '62002', '62201', '62062', '62040', '62035', '62024', '62095']",['62269']
qgTSOVUu1VC-9MLFqv1kOA,"['83616', '83646', '83704', '83702', '83642', '83709', '83703', '83705', '83634', '83707']",['83705']
xvKv0S6QIlI9lm1Y9ea0FQ,"['33619', '33543', '33547', '33544', '33542', '33510', '33534', '33545', '33503', '33541']",['33619']
K3RB1gHBkvrs1AaCuD2GAQ,"['37076', '37067', '37027', '37013', '37069', '37066', '37024', '37015', '37012', '37043']",['37076']
-lpV42lgu8mBfKala8bihA,"['18901', '18914', '18929', '18931', '18902', '18915', '18913', '18928', '18912', '18917']",['18914']
Xtw1Rpqj3IV-TKn19fIgpA,"['19104', '18901', '18914', '18929', '18902', '18915', '18928', '18913', '18917', '18912']",['19104']
LyNFIjzSpEWzmfN3Fk5f4w,"['08052', '08002', '08016', '08003', '08012', '08009', '08007', '08010', '08004', '08020']",['08052']
nU-zF9XbQehltHoi_LwWRw,"['33607', '33511', '33543', '33544', '33542', '33510', '33534', '33545', '33503', '33541']",['33607']
uZHAl4kFY2lfHcDMC5vQjA,"['89502', '89431', '89509', '89436', '89501', '89433', '89439', '89440', '89508', '89432']",['89436']
vySAdHz4XMeON0Q7b2ad1A,"['46227', '46032', '46038', '46037', '46075', '46077', '46033', '46055', '46060', '46040']",['46227']
pcqHaOUL50eh7CYBqQ1XEA,"['46032', '46038', '46037', '46075', '46077', '46033', '46055', '46060', '46107', '46040']",['46032']
VPsiMIDsBsezca87SteVDA,"['19083', '18901', '18929', '18931', '18902', '18915', '18913', '18928', '18912', '18917']",['19083']
yAxmPYbC6a0jAwdm_WzDhA,"['83616', '83704', '83642', '83709', '83706', '83703', '83705', '83712', '83634', '83707']",['83704']
kHnPYdt5yyZ1SOAesiWXwQ,"['33765', '33543', '33547', '33544', '33542', '33510', '33534', '33545', '33541', '33503']",['33765']
XtauQshG2prtVwTuQJB9Qw,"['34654', '34606', '34608', '34609', '34638', '34607', '34221', '34604', '34610', '34619']",['34654']
rvbqvQod-USx8EpjXtJNdw,"['83616', '83704', '83642', '83709', '83706', '83703', '83705', '83712', '83707', '83634']",['83706']
ul03kWvQ22EadE7eq2hO_g,"['63017', '63128', '63010', '63021', '63026', '63011', '63031', '63042', '63033', '63034']",['63128']
NXs4byOiMay3DkMLuvgJxw,"['63105', '63011', '63017', '63010', '63031', '63026', '63021', '63042', '63033', '63034']",['63105']
pP_jeWrWq-lvMitmkM2Gkw,"['19103', '18901', '18914', '18929', '18902', '18915', '18928', '18912', '18917', '18913']",['19103']
8Jj5TkASHV6wElbziSADow,"['62269', '62034', '62002', '62024', '62203', '62062', '62040', '62095', '62201', '62035']",['62269']
jJ2tHIwMJkUTGJpATeR5gg,"['83706', '83616', '83704', '83642', '83709', '83703', '83705', '83712', '83707', '83634']",['83706']
s4r3OEFu8q1HAB06CnEPCA,"['70002', '70005', '70006', '70056', '70001', '70032', '70053', '70003', '70043', '70037']",['70002']
xqv8d9Hbol0uPqISSLIchw,"['85710', '85704', '85701', '85641', '85614', '85658', '85629', '85702', '85653', '85619']",['85710']
EzjysPg2-lVX1E0ibStUXw,"['19125', '18901', '18914', '18929', '18902', '18915', '18912', '18913', '18917', '18928']",['19125']
0u7ARPwjPyoU_y2UZY9Pkw,"['33609', '33511', '33543', '33544', '33542', '33510', '33534', '33545', '33541', '33503']",['33609']
PgPLpYOKrqHTh5tBG311Ng,"['46240', '46032', '46038', '46037', '46075', '46077', '46033', '46055', '46060', '46040']",['46240']
zyHP-oXgDkANEyQbJVKf8g,"['37204', '37067', '37027', '37064', '37013', '37066', '37024', '37012', '37043', '37015']",['37204']
9m6GQp45QBEydlyE6DywCw,"['19107', '18901', '18914', '18929', '18902', '18915', '18928', '18912', '18917', '18913']",['19107']
TjWKL-0U5AHZ7AQOsrP0Ew,"['08002', '08016', '08003', '08012', '08021', '08009', '08007', '08010', '08004', '08020']",['08002']
TZG_XV9u4xgE56s0otXEag,"['63141', '63011', '63017', '63010', '63031', '63026', '63021', '63042', '63033', '63034']",['63141']
f_QxYk7vE2rjn8u7qQkTbQ,"['63116', '63011', '63017', '63010', '63031', '63026', '63021', '63042', '63033', '63034']",['63116']
zfsteieoV3_R6ZbIm6XYUA,"['37211', '37066', '37064', '37027', '37013', '37069', '37012', '37043', '37024', '37015']",['37211']
aKOo9Kacq-4Wnsy6ilfdQw,"['89511', '89502', '89431', '89436', '89441', '89501', '89433', '89439', '89440', '89432']",['89511']
hy5GpGXAna-5qrb3zNub6g,"['08054', '08002', '08016', '08003', '08012', '08009', '08007', '08010', '08004', '08020']",['08054']
2swMZVA832zkmdPBrddPRQ,"['93117', '93108', '93013', '93103', '93109', '93111', '93110', '93067', '93190']",['93117']
NLVsIjPW6ungGB4k1QenfQ,"['08096', '08002', '08016', '08003', '08012', '08009', '08004', '08007', '08010', '08020']",['08096']
VMNgMwc-mTaD73XNUujw6A,"['19087', '18901', '18914', '18929', '18902', '18915', '18912', '18917', '18913', '18928']",['19087']
T4LZoPSKhxS1U9oxnwds8A,"['08054', '08002', '08016', '08003', '08012', '08009', '08007', '08010', '08004', '08020']",['08054']
lVtuJQeqsL56cgReZdRubw,"['18901', '18902', '18914', '18929', '18931', '18915', '18917', '18913', '18912', '18928']",['18914']
WZUIlyefoUhuH_VkVCEyAw,"['85718', '85704', '85701', '85641', '85614', '85658', '85629', '85653', '85702', '85619']",['85718']
RtHhQ7eSfF3SkuwjM9pnUw,"['63044', '63017', '63010', '63031', '63026', '63021', '63049', '63042', '63033', '63034']",['63010']
tUXy_PCtMAydmG0RkHzhlQ,"['37067', '37027', '37064', '37013', '37069', '37066', '37012', '37015', '37043', '37024']",['37067']
29Mm3hQIzlqjHBvyMxA8rA,"['33772', '33511', '33543', '33544', '33542', '33510', '33534', '33545', '33541', '33503']",['33772']
MFngbjvbrLnLl7j-zBO2sg,"['33604', '33511', '33543', '33544', '33542', '33510', '33534', '33545', '33503', '33541']",['33604']
QM6fJdPJBXvDKgywMlDWBw,"['33511', '33543', '33547', '33542', '33548', '33510', '33534', '33545', '33503', '33541']",['33511']
51pgAUQ6aIdZEfSXiG39VQ,"['46217', '46112', '46038', '46075', '46077', '46033', '46055', '46060', '46040', '46107']",['46217']
LMd312IyPyPJiV16Sqc_4A,"['19001', '18901', '18914', '18929', '18902', '18915', '18913', '18912', '18917', '18928']",['19001']
CCgn9tqrqojxs6knwwANMw,"['63123', '63044', '63011', '63017', '63043', '63026', '63021', '63042', '63033', '63034']",['63123']
EjwY66v3wVP8F9ZBcJnIVQ,"['19462', '19003', '18966', '18976', '19002', '19001', '18969', '18964', '18977', '18984']",['19462']
9_V0SWbQPnZ0mR3kljXqBQ,"['19020', '18901', '18914', '18929', '18902', '18915', '18913', '18917', '18912', '18928']",['19020']
kBJ0tVGtF8x4L_DRQiPwUw,"['19348', '18901', '18914', '18929', '18902', '18915', '18913', '18928', '18917', '18912']",['19348']
mFdcvwmYS-m1eHIonnTQyQ,"['70002', '70005', '70006', '70056', '70001', '70032', '70053', '70003', '70043', '70037']",['70006']
gfLsBY-xsNE9-ktiTvTvGA,"['85750', '85706', '85705', '85641', '85614', '85658', '85629', '85653', '85702', '85619']",['85750']
vfuO_1C2TqbS7jlNvRt63Q,"['33511', '33547', '33544', '33542', '33548', '33510', '33534', '33545', '33541', '33503']",['33511']
Y_e_A3k8I6LVh5FJyREw6A,"['46254', '46032', '46038', '46037', '46075', '46077', '46033', '46055', '46060', '46040']",['46254']
TIfwX3RbjD2ujSCwGx19EA,"['37067', '37027', '37064', '37013', '37069', '37066', '37015', '37012', '37043', '37024']",['37067']
A-J4oCKxiwBV6xV1AGyAyA,"['85706', '85704', '85701', '85641', '85614', '85658', '85629', '85702', '85653', '85619']",['85706']
hQEiHNZWpqCsbQ0sKCodSg,"['33614', '33511', '33543', '33544', '33510', '33542', '33534', '33545', '33541', '33503']",['33614']
Nf4J_jioIPkhvJqNG-nL7Q,"['46250', '46032', '46038', '46037', '46075', '46077', '46033', '46055', '46060', '46040']",['46250']
t-RHwZzlTAZeTcgrrbRtqg,"['37212', '37067', '37027', '37013', '37069', '37066', '37015', '37012', '37024', '37043']",['37212']
A8y3GLvov24ZvhrBlUk_hA,"['33625', '33511', '33543', '33544', '33542', '33510', '33534', '33545', '33541', '33503']",['33625']
tZ6lxKZS-5s7H3nQT8eUVQ,"['18940', '18914', '18929', '18931', '18902', '18915', '18913', '18912', '18928', '18917']",['18940']
DMxgL0TdpR9HCD4P1CdxdQ,"['33618', '33511', '33543', '33544', '33542', '33510', '33534', '33545', '33503', '33541']",['33618']
pIjYZSGPqorSL77I4MaWvg,"['33602', '33511', '33543', '33544', '33542', '33510', '33534', '33545', '33503', '33541']",['33602']
MbNcVhRqpNPcvgFzWgaxSQ,"['70002', '70005', '70006', '70056', '70001', '70032', '70053', '70003', '70043', '70037']",['70002']
no8Sj8Eflgka2LFdrYFG_Q,"['85719', '85705', '85701', '85641', '85614', '85658', '85629', '85702', '85653', '85619']",['85719']
Tve_ON4rFFWMwIpeRApl1w,"['19380', '18901', '18914', '18929', '18902', '18915', '18913', '18928', '18912', '18917']",['19380']
kvv4hZ8EUe_sGwcsl-mLQw,"['08053', '08002', '08016', '08003', '08012', '08009', '08007', '08004', '08010', '08020']",['08053']
rdC1Glqw0hfT7eEddYWsfQ,"['33511', '33543', '33547', '33544', '33542', '33510', '33534', '33545', '33541', '33503']",['33543']
-Or44IdY51Ukd618kikmtA,"['19123', '18901', '18914', '18929', '18902', '18915', '18912', '18928', '18913', '18917']",['19123']
qljraKzqFlIONICsRtzSnw,"['19713', '19341', '19335', '19301', '19317', '19312', '19333', '19331', '19311', '19320']",['19713']
3X7SeQzmfLTZM5nipFsi2w,"['62025', '62034', '62002', '62201', '62062', '62203', '62040', '62035', '62024', '62095']",['62025']
Q1hBOIqr_p6MRnMLawz6cA,"['70130', '70002', '70005', '70006', '70001', '70032', '70053', '70003', '70043', '70037']",['70130']
EF5Fpofz71Fo_UqUpZUYBQ,"['33706', '33511', '33543', '33544', '33542', '33510', '33534', '33545', '33503', '33541']",['33706']
NRnP0BVwVeSFQRhWXRTGWg,"['33704', '33511', '33543', '33544', '33542', '33510', '33534', '33545', '33503', '33541']",['33704']
EsmLhH23dDXcpK2432QZBg,"['83616', '83646', '83704', '83702', '83642', '83705', '83706', '83703', '83707', '83634']",['83705']
gCm3En8LqvXPcfiw9Tyh-g,"['19462', '18966', '18976', '19002', '19001', '18974', '18969', '18964', '18977', '18984']",['19462']
qKz3Sbu_7M3c1u1u8fFdXA,"['37214', '37027', '37064', '37013', '37069', '37066', '37015', '37024', '37012', '37043']",['37214']
8S2hOkzWzpkJLybVOTSCLw,"['63141', '63011', '63017', '63010', '63031', '63026', '63021', '63042', '63033', '63034']",['63141']
N7BfYghq_lGzWtq0kE8IXw,"['85748', '85614', '85706', '85701', '85641', '85658', '85629', '85702', '85653', '85619']",['85748']
fRf5bZAAPDlD2MejfSPvsA,"['19454', '18954', '18966', '18976', '18974', '18960', '18969', '18964', '18984', '18977']",['19454']
dreCjzKBp6ZEJTwpL3pQOQ,"['85730', '85705', '85701', '85641', '85614', '85658', '85629', '85702', '85653', '85619']",['85730']
f84O7bzOeLJbNphTn6cNHw,"['46203', '46032', '46038', '46037', '46075', '46077', '46033', '46055', '46060', '46040']",['46203']
jfZqwEGa0uqG4WjkYQhF8g,"['89503', '89502', '89506', '89441', '89436', '89501', '89433', '89439', '89440', '89432']",['89506']
RHhhGUVX7QKLxEEFL3OEWg,"['85712', '85614', '85705', '85701', '85641', '85658', '85629', '85653', '85702', '85619']",['85712']
i607N2kaxpGXXeSVsQFJBQ,"['33756', '33511', '33543', '33544', '33542', '33510', '33534', '33545', '33541', '33503']",['33756']
Z7VLAOmZIXWfM368YUTl_w,"['46239', '46077', '46038', '46037', '46075', '46033', '46055', '46060', '46107', '46040']",['46239']
zSsdeiHfEnv_EVv8IVqcWg,"['85706', '85704', '85701', '85641', '85614', '85658', '85629', '85702', '85653', '85619']",['85704']
QbRp4rVek6nOueiu4yjmdw,"['85730', '85706', '85701', '85641', '85614', '85658', '85629', '85653', '85702', '85619']",['85730']
eta84rzDSjJza4kTcV3bkg,"['34655', '34606', '34608', '34609', '34638', '34607', '34610', '34619', '34221', '34604']",['34655']
mLWsfI_NGEFyEEDyzwBfxw,"['37203', '37027', '37064', '37013', '37069', '37066', '37024', '37015', '37043', '37012']",['37203']
LuJf3rdkswqf6GzbuXVtBQ,"['08054', '08002', '08016', '08003', '08012', '08009', '08010', '08004', '08007', '08020']",['08054']
eBQd3DwWtW9UE-g_WNC3zg,"['08022', '08505', '08016', '08012', '08021', '08009', '08007', '08026', '08010', '08020']",['08505']
41LEg4ZgFDVnZfToxGXiGA,"['19104', '18901', '18914', '18929', '18902', '18915', '18928', '18917', '18913', '18912']",['19104']
eUXaJEUbOWh2FThTD2xj7A,"['83616', '83646', '83704', '83702', '83642', '83706', '83703', '83705', '83707', '83634']",['83646']
i9rqSiwl3EAXWU9XA1YyOw,"['19454', '18954', '18966', '18976', '18974', '18960', '18969', '18964', '18977', '18984']",['19454']
zbaBwAo-UGWZPTvbJVV9Iw,"['70121', '70002', '70005', '70006', '70056', '70001', '70032', '70053', '70043', '70037']",['70121']
RuM9hDl_E9FN5IkkJ7HPQQ,"['85741', '85704', '85701', '85641', '85614', '85658', '85629', '85653', '85702', '85619']",['85741']
qAG9yKj4PYonW63ZdEa0uA,"['83616', '83646', '83704', '83642', '83709', '83703', '83705', '83712', '83634', '83707']",['83646']
yN6jZyG1G1FG_HCZQlJZ1g,"['46112', '46038', '46037', '46077', '46033', '46055', '46113', '46060', '46040', '46107']",['46038']
4iAVzKDdK2j7GJK6ZK6Gtg,"['63122', '63011', '63010', '63031', '63043', '63026', '63021', '63042', '63033', '63034']",['63122']
sh8T2qHvj5LGyeW4S8baJg,"['37067', '37027', '37064', '37013', '37069', '37066', '37043', '37015', '37024', '37012']",['37066']
LojIiUOGn5EEdluoytxubw,"['70130', '70058', '70005', '70006', '70056', '70032', '70053', '70003', '70043', '70037']",['70130']
B4GSKwbA6Trut7sllL5Bsg,"['33635', '33511', '33543', '33544', '33542', '33510', '33534', '33545', '33541', '33503']",['33635']
XwF93JHnYflr2djY9tE7cA,"['70002', '70005', '70006', '70056', '70001', '70032', '70053', '70003', '70043', '70037']",['70002']
2kfa2IBX3oy2zQX4PAkEpg,"['37208', '37067', '37027', '37064', '37013', '37066', '37015', '37012', '37043', '37024']",['37208']
HinJ2YxjHb304KH7q1eAfg,"['46208', '46032', '46038', '46037', '46075', '46077', '46033', '46055', '46060', '46040']",['46208']
IXv-g1iK3Hwsnxp0vT8OgA,"['85704', '85705', '85701', '85641', '85614', '85658', '85629', '85653', '85702', '85619']",['85704']
4M36VEsL-XV0JQ50g12EfQ,"['37214', '37067', '37027', '37064', '37013', '37066', '37015', '37043', '37024', '37012']",['37214']
nXJzfrrR0GAeCm1fUxTapQ,"['33611', '33543', '33511', '33544', '33542', '33510', '33534', '33545', '33503', '33541']",['33611']
PloafcZfJpOLZ39LuM9AOA,"['19010', '18901', '18914', '18929', '18902', '18915', '18913', '18917', '18928', '18912']",['19010']
Rr9kKArrMhSLVE9a53q-aA,"['46204', '46038', '46037', '46075', '46077', '46033', '46055', '46060', '46107', '46040']",['46204']
UrSj-PThC681ei_iIAAwMA,"['19047', '18901', '18914', '18929', '18902', '18915', '18913', '18912', '18928', '18917']",['19047']
ey5YxpCArIrbPVsG4hux5A,"['19010', '18901', '18914', '18929', '18902', '18915', '18913', '18928', '18917', '18912']",['19010']
mZcCwF_Nwwa7PEghwUNXwA,"['46236', '46032', '46038', '46037', '46075', '46077', '46033', '46055', '46060', '46040']",['46236']
n87Tmmxh65yv1EN6az6bkA,"['33617', '33511', '33543', '33544', '33542', '33510', '33534', '33545', '33541', '33503']",['33617']
kF89t83G376kVxW37m5pnQ,"['83616', '83646', '83704', '83713', '83702', '83709', '83705', '83712', '83707', '83634']",['83704']
NdSJl2PIpAWrxVVl0rW7nw,"['33760', '33511', '33543', '33544', '33542', '33510', '33534', '33545', '33503', '33541']",['33760']
ZSwDwV4o8MvX8cwMgfE0LA,"['83706', '83646', '83704', '83702', '83709', '83703', '83705', '83712', '83634', '83707']",['83706']
LliHsFTWhHFlba5HiWHNcg,"['62269', '62025', '62034', '62002', '62062', '62040', '62024', '62201', '62095', '62035']",['62269']
kQRB8RNwd7cEMcURTS-I7A,"['08002', '08108', '08016', '08003', '08012', '08009', '08010', '08004', '08007', '08020']",['08108']
GzmRiE7lAmDPIVRLLtkhng,"['08002', '08077', '08016', '08003', '08012', '08009', '08004', '08010', '08007', '08020']",['08077']
YmNSyqlJkaNg9Jl-ed4Dug,"['83646', '83704', '83642', '83709', '83706', '83703', '83705', '83712', '83634', '83707']",['83704']
jW8RwU6gT4v3enWnAWICng,"['33549', '33547', '33544', '33542', '33548', '33510', '33534', '33545', '33541', '33503']",['33549']
rQMNZj4GB08s_22JsLwTYw,"['46032', '46112', '46037', '46077', '46033', '46055', '46113', '46060', '46107', '46040']",['46032']
ByI39q0M01X66dfKhw2MIg,"['33626', '33511', '33543', '33544', '33542', '33510', '33534', '33545', '33503', '33541']",['33626']
RkA7wLIxPweJn0HgLSNjHw,"['33511', '33547', '33544', '33542', '33548', '33510', '33534', '33545', '33503', '33541']",['33511']
aDSXWJcBh94m9KPZ0X4x4w,"['46237', '46032', '46037', '46075', '46077', '46033', '46055', '46060', '46040', '46107']",['46237']
Oby2Phs5qCX4O3VVp37gpA,"['85742', '85705', '85701', '85641', '85614', '85658', '85629', '85653', '85702', '85619']",['85742']
_-8TAMmIbDGkZCXAqSkFMg,"['19064', '18901', '18914', '18929', '18902', '18915', '18928', '18913', '18912', '18917']",['19064']
TdMm_lTZ5LF7bEfURG-5Bg,"['33578', '33511', '33543', '33534', '33544', '33542', '33510', '33545', '33541', '33503']",['33578']
Lx9r_hXHRU9Cg5zwkOBxmA,"['46220', '46032', '46038', '46037', '46075', '46077', '46033', '46055', '46060', '46040']",['46220']
QQng-ifjEZhI1Vb9j0Hb4A,"['70123', '70058', '70002', '70005', '70001', '70032', '70053', '70003', '70043', '70037']",['70123']
jJYjNEI8o2q1S9k89ndRTg,"['33511', '33543', '33596', '33544', '33542', '33510', '33534', '33545', '33503', '33541']",['33596']
B2K0HFrYQx14TTJc1o3OpA,"['19380', '18901', '18914', '18929', '18902', '18915', '18912', '18913', '18917', '18928']",['19380']
iOnPJ_zcy4-yHFHamn8FtQ,"['08054', '08002', '08009', '08016', '08003', '08021', '08004', '08010', '08007', '08020']",['08054']
UaUWlQpiwn4cpjes-RQeTg,"['33771', '33511', '33543', '33544', '33542', '33510', '33534', '33545', '33541', '33503']",['33771']
Wf0uGRsMXKgVb6GVMLJKiQ,"['46250', '46032', '46038', '46037', '46075', '46077', '46033', '46055', '46060', '46040']",['46250']
OZcpjMrFrx3g3uo3xr0H0Q,"['33578', '33511', '33543', '33544', '33542', '33510', '33534', '33545', '33541', '33503']",['33578']
irolxiYw4pOCM9gGDOhnsw,"['19104', '18901', '18914', '18929', '18902', '18915', '18912', '18913', '18917', '18928']",['19104']
8cwAQuPaXhdxo2w7zYsYFg,"['08053', '08002', '08016', '08003', '08021', '08009', '08004', '08010', '08007', '08020']",['08053']
_t5JZRB6-bvtX2XsLMidAg,"['89431', '89434', '89441', '89506', '89436', '89501', '89433', '89439', '89440', '89432']",['89506']
CVnp_PA5sRm_hFcmwmUNAQ,"['46205', '46112', '46038', '46037', '46075', '46077', '46055', '46060', '46107', '46040']",['46205']
PLx8yBk2EhLnnc5LgZEiNA,"['46216', '46038', '46037', '46075', '46077', '46033', '46055', '46060', '46107', '46040']",['46216']
7-5eljD7oqIdLYU5_sqpqA,"['46032', '46038', '46037', '46077', '46033', '46055', '46113', '46060', '46107', '46040']",['46032']
Zs4WXGhLfDra5jKTXeF1Qw,"['46260', '46032', '46038', '46037', '46075', '46077', '46033', '46055', '46060', '46040']",['46260']
3oy9A7cOIaQsuxrtmjyxIw,"['37072', '37067', '37066', '37064', '37013', '37069', '37024', '37015', '37043', '37012']",['37072']
mttJz2gl8hrttb2Ej4h6hg,"['33578', '33543', '33511', '33544', '33542', '33510', '33534', '33545', '33503', '33541']",['33578']
Kfia_CYkBC_D6VEKtSrFsg,"['08028', '08002', '08016', '08003', '08012', '08009', '08004', '08007', '08010', '08020']",['08028']
VrWzytKQgHexwesxRvfH7A,"['18944', '19422', '18938', '18940', '18936', '18929', '18931', '18932', '18946', '18928']",['19422']
8Wy34N_LhbPsOB3duBcx9A,"['63139', '63011', '63017', '63010', '63031', '63026', '63021', '63042', '63033', '63034']",['63139']
J-iale4ilYuAXjnfLyYl1Q,"['85704', '85705', '85701', '85641', '85614', '85658', '85629', '85702', '85653', '85619']",['85704']
kbLMftopyrdxcoKytiCRIg,"['85711', '85704', '85701', '85641', '85614', '85658', '85629', '85702', '85653', '85619']",['85711']
jXdAFPdpBt0z35R5uNC5qA,"['33578', '33543', '33547', '33544', '33542', '33510', '33534', '33545', '33503', '33541']",['33578']
wCD6vZLLNp7f7qxT3R1l1g,"['46123', '46032', '46037', '46075', '46077', '46033', '46055', '46060', '46107', '46040']",['46123']
dDUWJGi3ZeTs5Xv81nLukA,"['08034', '08002', '08016', '08003', '08012', '08009', '08007', '08004', '08010', '08020']",['08034']
t-r5BbNosi0aM-0aNQ9t9A,"['85737', '85704', '85701', '85641', '85614', '85658', '85629', '85653', '85702', '85619']",['85737']
r_oscENLKdrF2KNyWP4oow,"['19107', '18901', '18914', '18929', '18902', '18915', '18917', '18912', '18928', '18913']",['19107']
sqQy0MzpPE-cHC77h0OLTg,"['33781', '33511', '33543', '33544', '33542', '33510', '33534', '33545', '33541', '33503']",['33781']
BtQW9Hd5RVNPJn5xDeMFvA,"['19063', '18901', '18914', '18929', '18902', '18915', '18928', '18912', '18917', '18913']",['19063']
dQ6d9H7rnFSOSC_FXbJ_FQ,"['93101', '93013', '93103', '93109', '93111', '93110', '93067', '93190']",['93109']
2gFPQCmKKVi1aHgGTLRZvA,"['19103', '18901', '18914', '18929', '18902', '18915', '18917', '18913', '18928', '18912']",['19103']
2XEjxGuQD-dD2NwGzp1Djg,"['83616', '83646', '83713', '83702', '83703', '83716', '83712', '83707', '83634']",['83616']
yK8LWJ4VRTYEoGxVYzcjQg,"['19713', '19341', '19335', '19301', '19317', '19312', '19333', '19331', '19311', '19320']",['19713']
MxRZHZoDVVnN7EvMAHf1EA,"['33607', '33511', '33543', '33544', '33542', '33510', '33534', '33545', '33541', '33503']",['33607']
h_gdl9cq1CFKcKukneRdVw,"['46268', '46032', '46038', '46037', '46075', '46077', '46033', '46055', '46060', '46040']",['46268']
07tT34LEBj1xVgLRk4L8qw,"['63044', '63017', '63010', '63031', '63043', '63026', '63021', '63042', '63033', '63034']",['63033']
-sfymVvHA9TS_8V6kvvz5A,"['19446', '18954', '18966', '18947', '18960', '18951', '18969', '18964', '18949', '18946']",['19446']
KvCmKEV_pL0qMmw3Q8Yagg,"['37214', '37067', '37027', '37013', '37069', '37066', '37012', '37015', '37024', '37043']",['37214']
i1WPpsuD5gyLppyB71vv6A,"['08002', '08016', '08003', '08012', '08021', '08009', '08007', '08004', '08010', '08020']",['08002']
xGuWtvifrNLpe8h35Hr0sQ,"['70002', '70005', '70006', '70056', '70001', '70032', '70053', '70003', '70043', '70037']",['70002']
Gr6nYrQ_-3p4LcE4M84lTw,"['19106', '18901', '18914', '18929', '18902', '18915', '18917', '18928', '18913', '18912']",['19106']
4szMVHmGXodrVGw4Zhev9g,"['37204', '37067', '37027', '37064', '37013', '37066', '37015', '37024', '37043', '37012']",['37204']
_eT4D7Rc1LAcHFLIekrp-g,"['63119', '63044', '63017', '63010', '63043', '63026', '63021', '63042', '63033', '63034']",['63119']
XV-jiJ6yb0LXlh4EyEWbqQ,"['34684', '34606', '34608', '34609', '34638', '34607', '34604', '34221', '34619', '34610']",['34684']
nXx6nOAqC0DqVCUObuUsMA,"['19001', '18901', '18914', '18929', '18902', '18915', '18912', '18917', '18913', '18928']",['19001']
kPuwg0Lx1RVa9TClDl5Ocw,"['19116', '18901', '18914', '18929', '18902', '18915', '18917', '18928', '18913', '18912']",['19116']
kHuIRfZq3aadONNFO0vEnQ,"['37122', '37067', '37064', '37013', '37069', '37066', '37012', '37043', '37015', '37024']",['37122']
n5_-q6KZ5VCfHTZXh3nsvw,"['46112', '46038', '46037', '46075', '46077', '46033', '46055', '46060', '46040', '46107']",['46037']
wB2AnT1Y_7zdhsW2JAuJ5g,"['46032', '46038', '46037', '46075', '46077', '46033', '46055', '46060', '46107', '46040']",['46077']
zPiBTTqr9PyUwjhDsdfH2w,"['37211', '37067', '37027', '37064', '37013', '37066', '37015', '37043', '37012', '37024']",['37211']
0d1dpaZqcm7litFOJl7atA,"['33702', '33511', '33547', '33544', '33542', '33510', '33534', '33545', '33503', '33541']",['33702']
XmcERQbYrb_3aynqtdyc1w,"['46032', '46112', '46038', '46037', '46075', '46077', '46055', '46060', '46107', '46040']",['46032']
gns-g7jjjG9LfKggL8JEQA,"['33511', '33778', '33547', '33544', '33542', '33510', '33534', '33545', '33503', '33541']",['33778']
-BlhrfAM9jUF0nTMd_2FTQ,"['46123', '46112', '46038', '46037', '46075', '46033', '46055', '46060', '46040', '46107']",['46123']
od_MWVpghkvSsl1HKasM9A,"['93105', '93101', '93013', '93103', '93111', '93110', '93067', '93190']",['93105']
Ony7JxUB_ncfK146S66PPA,"['19020', '18901', '18914', '18929', '18902', '18915', '18928', '18917', '18912', '18913']",['19020']
_HcAoG6Jj_XTj4-XNEbo6Q,"['33617', '33543', '33547', '33544', '33542', '33510', '33534', '33545', '33503', '33541']",['33617']
fQknpOKcW_JtfE6oIoGkKg,"['70002', '70005', '70006', '70056', '70001', '70032', '70053', '70003', '70043', '70037']",['70002']
AOzSin66P3h4sRRIspx5Zw,"['85719', '85704', '85701', '85641', '85614', '85658', '85629', '85702', '85653', '85619']",['85719']
sBTUg4DINvmrfM2cLQZAjw,"['63109', '63011', '63017', '63010', '63031', '63026', '63021', '63042', '63033', '63034']",['63109']
2YYN4j68YD8S8PsygtJaQA,"['19020', '18901', '18914', '18929', '18902', '18915', '18928', '18913', '18917', '18912']",['19020']
fKsEXbyUiS8i_xmfj7h29g,"['33607', '33511', '33543', '33544', '33542', '33510', '33534', '33545', '33503', '33541']",['33607']
t2vRcqKj0CifbKrCYeZx9A,"['83616', '83646', '83704', '83702', '83642', '83706', '83703', '83705', '83634', '83707']",['83642']
d8mbViiqVw2HwsETuc3hwA,"['46204', '46037', '46077', '46038', '46055', '46075', '46033', '46060', '46040', '46107']",['46204']
MNwTcsnjhe22ShOLYbxm2A,"['70119', '70005', '70006', '70056', '70001', '70032', '70053', '70003', '70043', '70037']",['70119']
ckrSofsnGyYTRgeiGxOhQg,"['33617', '33511', '33543', '33544', '33542', '33510', '33534', '33545', '33503', '33541']",['33617']
93UD654AB6IzMPFlQgwfOg,"['33559', '33511', '33543', '33544', '33542', '33510', '33534', '33545', '33541', '33503']",['33559']
qeMAYT7oub99o8je6ukjQw,"['62025', '62034', '62002', '62040', '62203', '62024', '62062', '62035', '62095', '62201']",['62025']
jci-jrsso9Ucn7r_kMsYAA,"['63017', '63031', '63026', '63011', '63010', '63043', '63049', '63042', '63033', '63034']",['63017']
gMlR5k7ihQLqR4PRCIG94A,"['85711', '85705', '85701', '85641', '85614', '85658', '85629', '85653', '85702', '85619']",['85711']
mYMPepp0QIZRk_52pWzeoA,"['33609', '33511', '33543', '33544', '33542', '33510', '33534', '33545', '33503', '33541']",['33609']
x7fb9Qvv0h-Rf20mlfDXQg,"['63017', '63139', '63031', '63026', '63011', '63010', '63021', '63042', '63033', '63034']",['63139']
liptHsMVjdHg_38NVuk-Yg,"['19341', '18901', '18914', '18929', '18902', '18915', '18913', '18928', '18912', '18917']",['19341']
D7zxhzUgeZhdAYvQXKvkFQ,"['63011', '63017', '63010', '63031', '63043', '63026', '63021', '63042', '63033', '63034']",['63026']
c4xAYwO_s8HEmOfCLVAhCA,"['85715', '85704', '85701', '85641', '85614', '85658', '85629', '85653', '85702', '85619']",['85715']
Aqg8j5b3LmAal6GiyynCtQ,"['85704', '85705', '85701', '85641', '85614', '85658', '85629', '85653', '85702', '85619']",['85705']
v7Wltwe8HKOcTAXwQlUOWg,"['46032', '46112', '46038', '46075', '46077', '46033', '46055', '46060', '46040', '46107']",['46032']
-TRXiliBZ2O2_BKyKQ32HA,"['83616', '83704', '83713', '83702', '83706', '83703', '83705', '83712', '83707', '83634']",['83703']
1AQhRXA6GhMp6FjpS4T8lQ,"['19428', '18944', '18938', '18940', '18936', '18929', '18931', '18946', '18932', '18928']",['19428']
6OBV0LXFHVQoUWuQxJxtwA,"['37122', '37067', '37064', '37013', '37069', '37066', '37043', '37024', '37012', '37015']",['37122']
jOSkKFMublb3b84KM77FcA,"['33614', '33543', '33547', '33544', '33542', '33510', '33534', '33545', '33503', '33541']",['33614']
r6dvcGaTEcvN4nUIeS15nA,"['33647', '33511', '33543', '33544', '33542', '33510', '33534', '33545', '33541', '33503']",['33647']
ir8tx6USSa-jMHGKJ9DrPg,"['63102', '63011', '63017', '63010', '63031', '63026', '63021', '63042', '63033', '63034']",['63102']
2esINQvNBShE7c6RwGzE9w,"['33511', '33543', '33547', '33544', '33542', '33510', '33534', '33545', '33503', '33541']",['33511']
4KH6DlFi25Fx1-hlSF7ViA,"['08002', '08016', '08003', '08012', '08021', '08009', '08010', '08007', '08004', '08020']",['08002']
5ZUDiqevPIRvCjM6nj3kaw,"['85743', '85704', '85701', '85641', '85614', '85658', '85629', '85653', '85702', '85619']",['85743']
Ouf4EObJZRsQEFZ9bmahYw,"['63124', '63044', '63017', '63010', '63031', '63043', '63026', '63021', '63042', '63034']",['63124']
cqPRhgzpPVtQBctn73k4pA,"['63011', '63017', '63010', '63031', '63043', '63026', '63021', '63042', '63033', '63034']",['63017']
lTqAGjcQHeY3eTXBTIcvkA,"['37206', '37067', '37027', '37013', '37069', '37066', '37012', '37043', '37024', '37015']",['37206']
xp7IRO4FDLcHkAO59Qqehg,"['33559', '33511', '33543', '33544', '33542', '33510', '33534', '33545', '33541', '33503']",['33559']
DqTl8E_OdWHqvyuAHlXAjA,"['37122', '37027', '37064', '37013', '37069', '37066', '37024', '37012', '37015', '37043']",['37122']
JaGiya5J9uPb1znq-B9X5A,"['08003', '08002', '08108', '08016', '08012', '08009', '08010', '08007', '08004', '08020']",['08108']
HbxyEWVHPSZA_9cm9xo61Q,"['46204', '46032', '46038', '46037', '46075', '46077', '46033', '46055', '46060', '46040']",['46204']
Ce6B2-CYAjGvRZe3GKyxYA,"['93101', '93108', '93109', '93110', '93067', '93190']",['93101']
MK0OMY_u9unl8xSqjPLtMw,"['85745', '85705', '85701', '85641', '85614', '85658', '85629', '85653', '85702', '85619']",['85745']
dBlKS0XZqASS_s3xT6iiuA,"['85737', '85704', '85701', '85641', '85614', '85658', '85629', '85702', '85653', '85619']",['85737']
UNJVuO31CU7JuZaydoaauA,"['63119', '63011', '63017', '63010', '63031', '63043', '63021', '63042', '63033', '63034']",['63119']
